REGION,TECHNOLOGY,FUEL,MODE_OF_OPERATION,YEAR,VALUE
PHLLU,PWRCOAPHLLU,ELCPHLLU,1,2020,1
PHLLU,PWRCOAPHLLU,ELCPHLLU,1,2021,1
PHLLU,PWRCOAPHLLU,ELCPHLLU,1,2022,1
PHLLU,PWRCOAPHLLU,ELCPHLLU,1,2023,1
PHLLU,PWRCOAPHLLU,ELCPHLLU,1,2024,1
PHLLU,PWRCOAPHLLU,ELCPHLLU,1,2025,1
PHLLU,PWRCOAPHLLU,ELCPHLLU,1,2026,1
PHLLU,PWRCOAPHLLU,ELCPHLLU,1,2027,1
PHLLU,PWRCOAPHLLU,ELCPHLLU,1,2028,1
PHLLU,PWRCOAPHLLU,ELCPHLLU,1,2029,1
PHLLU,PWRCOAPHLLU,ELCPHLLU,1,2030,1
PHLLU,PWRCOAPHLLU,ELCPHLLU,1,2031,1
PHLLU,PWRCOAPHLLU,ELCPHLLU,1,2032,1
PHLLU,PWRCOAPHLLU,ELCPHLLU,1,2033,1
PHLLU,PWRCOAPHLLU,ELCPHLLU,1,2034,1
PHLLU,PWRCOAPHLLU,ELCPHLLU,1,2035,1
PHLLU,PWRCOAPHLLU,ELCPHLLU,1,2036,1
PHLLU,PWRCOAPHLLU,ELCPHLLU,1,2037,1
PHLLU,PWRCOAPHLLU,ELCPHLLU,1,2038,1
PHLLU,PWRCOAPHLLU,ELCPHLLU,1,2039,1
PHLLU,PWRCOAPHLLU,ELCPHLLU,1,2040,1
PHLLU,PWRCOAPHLLU,ELCPHLLU,1,2041,1
PHLLU,PWRCOAPHLLU,ELCPHLLU,1,2042,1
PHLLU,PWRCOAPHLLU,ELCPHLLU,1,2043,1
PHLLU,PWRCOAPHLLU,ELCPHLLU,1,2044,1
PHLLU,PWRCOAPHLLU,ELCPHLLU,1,2045,1
PHLLU,PWRCOAPHLLU,ELCPHLLU,1,2046,1
PHLLU,PWRCOAPHLLU,ELCPHLLU,1,2047,1
PHLLU,PWRCOAPHLLU,ELCPHLLU,1,2048,1
PHLLU,PWRCOAPHLLU,ELCPHLLU,1,2049,1
PHLLU,PWRCOAPHLLU,ELCPHLLU,1,2050,1
PHLLU,PWRBIOPHLLU,ELCPHLLU,1,2020,1
PHLLU,PWRBIOPHLLU,ELCPHLLU,1,2021,1
PHLLU,PWRBIOPHLLU,ELCPHLLU,1,2022,1
PHLLU,PWRBIOPHLLU,ELCPHLLU,1,2023,1
PHLLU,PWRBIOPHLLU,ELCPHLLU,1,2024,1
PHLLU,PWRBIOPHLLU,ELCPHLLU,1,2025,1
PHLLU,PWRBIOPHLLU,ELCPHLLU,1,2026,1
PHLLU,PWRBIOPHLLU,ELCPHLLU,1,2027,1
PHLLU,PWRBIOPHLLU,ELCPHLLU,1,2028,1
PHLLU,PWRBIOPHLLU,ELCPHLLU,1,2029,1
PHLLU,PWRBIOPHLLU,ELCPHLLU,1,2030,1
PHLLU,PWRBIOPHLLU,ELCPHLLU,1,2031,1
PHLLU,PWRBIOPHLLU,ELCPHLLU,1,2032,1
PHLLU,PWRBIOPHLLU,ELCPHLLU,1,2033,1
PHLLU,PWRBIOPHLLU,ELCPHLLU,1,2034,1
PHLLU,PWRBIOPHLLU,ELCPHLLU,1,2035,1
PHLLU,PWRBIOPHLLU,ELCPHLLU,1,2036,1
PHLLU,PWRBIOPHLLU,ELCPHLLU,1,2037,1
PHLLU,PWRBIOPHLLU,ELCPHLLU,1,2038,1
PHLLU,PWRBIOPHLLU,ELCPHLLU,1,2039,1
PHLLU,PWRBIOPHLLU,ELCPHLLU,1,2040,1
PHLLU,PWRBIOPHLLU,ELCPHLLU,1,2041,1
PHLLU,PWRBIOPHLLU,ELCPHLLU,1,2042,1
PHLLU,PWRBIOPHLLU,ELCPHLLU,1,2043,1
PHLLU,PWRBIOPHLLU,ELCPHLLU,1,2044,1
PHLLU,PWRBIOPHLLU,ELCPHLLU,1,2045,1
PHLLU,PWRBIOPHLLU,ELCPHLLU,1,2046,1
PHLLU,PWRBIOPHLLU,ELCPHLLU,1,2047,1
PHLLU,PWRBIOPHLLU,ELCPHLLU,1,2048,1
PHLLU,PWRBIOPHLLU,ELCPHLLU,1,2049,1
PHLLU,PWRBIOPHLLU,ELCPHLLU,1,2050,1
PHLLU,PWRGASPHLLU,ELCPHLLU,1,2020,1
PHLLU,PWRGASPHLLU,ELCPHLLU,1,2021,1
PHLLU,PWRGASPHLLU,ELCPHLLU,1,2022,1
PHLLU,PWRGASPHLLU,ELCPHLLU,1,2023,1
PHLLU,PWRGASPHLLU,ELCPHLLU,1,2024,1
PHLLU,PWRGASPHLLU,ELCPHLLU,1,2025,1
PHLLU,PWRGASPHLLU,ELCPHLLU,1,2026,1
PHLLU,PWRGASPHLLU,ELCPHLLU,1,2027,1
PHLLU,PWRGASPHLLU,ELCPHLLU,1,2028,1
PHLLU,PWRGASPHLLU,ELCPHLLU,1,2029,1
PHLLU,PWRGASPHLLU,ELCPHLLU,1,2030,1
PHLLU,PWRGASPHLLU,ELCPHLLU,1,2031,1
PHLLU,PWRGASPHLLU,ELCPHLLU,1,2032,1
PHLLU,PWRGASPHLLU,ELCPHLLU,1,2033,1
PHLLU,PWRGASPHLLU,ELCPHLLU,1,2034,1
PHLLU,PWRGASPHLLU,ELCPHLLU,1,2035,1
PHLLU,PWRGASPHLLU,ELCPHLLU,1,2036,1
PHLLU,PWRGASPHLLU,ELCPHLLU,1,2037,1
PHLLU,PWRGASPHLLU,ELCPHLLU,1,2038,1
PHLLU,PWRGASPHLLU,ELCPHLLU,1,2039,1
PHLLU,PWRGASPHLLU,ELCPHLLU,1,2040,1
PHLLU,PWRGASPHLLU,ELCPHLLU,1,2041,1
PHLLU,PWRGASPHLLU,ELCPHLLU,1,2042,1
PHLLU,PWRGASPHLLU,ELCPHLLU,1,2043,1
PHLLU,PWRGASPHLLU,ELCPHLLU,1,2044,1
PHLLU,PWRGASPHLLU,ELCPHLLU,1,2045,1
PHLLU,PWRGASPHLLU,ELCPHLLU,1,2046,1
PHLLU,PWRGASPHLLU,ELCPHLLU,1,2047,1
PHLLU,PWRGASPHLLU,ELCPHLLU,1,2048,1
PHLLU,PWRGASPHLLU,ELCPHLLU,1,2049,1
PHLLU,PWRGASPHLLU,ELCPHLLU,1,2050,1
PHLLU,PWRHYDPHLLU,ELCPHLLU,1,2020,1
PHLLU,PWRHYDPHLLU,ELCPHLLU,1,2021,1
PHLLU,PWRHYDPHLLU,ELCPHLLU,1,2022,1
PHLLU,PWRHYDPHLLU,ELCPHLLU,1,2023,1
PHLLU,PWRHYDPHLLU,ELCPHLLU,1,2024,1
PHLLU,PWRHYDPHLLU,ELCPHLLU,1,2025,1
PHLLU,PWRHYDPHLLU,ELCPHLLU,1,2026,1
PHLLU,PWRHYDPHLLU,ELCPHLLU,1,2027,1
PHLLU,PWRHYDPHLLU,ELCPHLLU,1,2028,1
PHLLU,PWRHYDPHLLU,ELCPHLLU,1,2029,1
PHLLU,PWRHYDPHLLU,ELCPHLLU,1,2030,1
PHLLU,PWRHYDPHLLU,ELCPHLLU,1,2031,1
PHLLU,PWRHYDPHLLU,ELCPHLLU,1,2032,1
PHLLU,PWRHYDPHLLU,ELCPHLLU,1,2033,1
PHLLU,PWRHYDPHLLU,ELCPHLLU,1,2034,1
PHLLU,PWRHYDPHLLU,ELCPHLLU,1,2035,1
PHLLU,PWRHYDPHLLU,ELCPHLLU,1,2036,1
PHLLU,PWRHYDPHLLU,ELCPHLLU,1,2037,1
PHLLU,PWRHYDPHLLU,ELCPHLLU,1,2038,1
PHLLU,PWRHYDPHLLU,ELCPHLLU,1,2039,1
PHLLU,PWRHYDPHLLU,ELCPHLLU,1,2040,1
PHLLU,PWRHYDPHLLU,ELCPHLLU,1,2041,1
PHLLU,PWRHYDPHLLU,ELCPHLLU,1,2042,1
PHLLU,PWRHYDPHLLU,ELCPHLLU,1,2043,1
PHLLU,PWRHYDPHLLU,ELCPHLLU,1,2044,1
PHLLU,PWRHYDPHLLU,ELCPHLLU,1,2045,1
PHLLU,PWRHYDPHLLU,ELCPHLLU,1,2046,1
PHLLU,PWRHYDPHLLU,ELCPHLLU,1,2047,1
PHLLU,PWRHYDPHLLU,ELCPHLLU,1,2048,1
PHLLU,PWRHYDPHLLU,ELCPHLLU,1,2049,1
PHLLU,PWRHYDPHLLU,ELCPHLLU,1,2050,1
PHLLU,PWROILPHLLU,ELCPHLLU,1,2020,1
PHLLU,PWROILPHLLU,ELCPHLLU,1,2021,1
PHLLU,PWROILPHLLU,ELCPHLLU,1,2022,1
PHLLU,PWROILPHLLU,ELCPHLLU,1,2023,1
PHLLU,PWROILPHLLU,ELCPHLLU,1,2024,1
PHLLU,PWROILPHLLU,ELCPHLLU,1,2025,1
PHLLU,PWROILPHLLU,ELCPHLLU,1,2026,1
PHLLU,PWROILPHLLU,ELCPHLLU,1,2027,1
PHLLU,PWROILPHLLU,ELCPHLLU,1,2028,1
PHLLU,PWROILPHLLU,ELCPHLLU,1,2029,1
PHLLU,PWROILPHLLU,ELCPHLLU,1,2030,1
PHLLU,PWROILPHLLU,ELCPHLLU,1,2031,1
PHLLU,PWROILPHLLU,ELCPHLLU,1,2032,1
PHLLU,PWROILPHLLU,ELCPHLLU,1,2033,1
PHLLU,PWROILPHLLU,ELCPHLLU,1,2034,1
PHLLU,PWROILPHLLU,ELCPHLLU,1,2035,1
PHLLU,PWROILPHLLU,ELCPHLLU,1,2036,1
PHLLU,PWROILPHLLU,ELCPHLLU,1,2037,1
PHLLU,PWROILPHLLU,ELCPHLLU,1,2038,1
PHLLU,PWROILPHLLU,ELCPHLLU,1,2039,1
PHLLU,PWROILPHLLU,ELCPHLLU,1,2040,1
PHLLU,PWROILPHLLU,ELCPHLLU,1,2041,1
PHLLU,PWROILPHLLU,ELCPHLLU,1,2042,1
PHLLU,PWROILPHLLU,ELCPHLLU,1,2043,1
PHLLU,PWROILPHLLU,ELCPHLLU,1,2044,1
PHLLU,PWROILPHLLU,ELCPHLLU,1,2045,1
PHLLU,PWROILPHLLU,ELCPHLLU,1,2046,1
PHLLU,PWROILPHLLU,ELCPHLLU,1,2047,1
PHLLU,PWROILPHLLU,ELCPHLLU,1,2048,1
PHLLU,PWROILPHLLU,ELCPHLLU,1,2049,1
PHLLU,PWROILPHLLU,ELCPHLLU,1,2050,1
PHLLU,PWRSPVPHLLU,ELCPHLLU,1,2020,1
PHLLU,PWRSPVPHLLU,ELCPHLLU,1,2021,1
PHLLU,PWRSPVPHLLU,ELCPHLLU,1,2022,1
PHLLU,PWRSPVPHLLU,ELCPHLLU,1,2023,1
PHLLU,PWRSPVPHLLU,ELCPHLLU,1,2024,1
PHLLU,PWRSPVPHLLU,ELCPHLLU,1,2025,1
PHLLU,PWRSPVPHLLU,ELCPHLLU,1,2026,1
PHLLU,PWRSPVPHLLU,ELCPHLLU,1,2027,1
PHLLU,PWRSPVPHLLU,ELCPHLLU,1,2028,1
PHLLU,PWRSPVPHLLU,ELCPHLLU,1,2029,1
PHLLU,PWRSPVPHLLU,ELCPHLLU,1,2030,1
PHLLU,PWRSPVPHLLU,ELCPHLLU,1,2031,1
PHLLU,PWRSPVPHLLU,ELCPHLLU,1,2032,1
PHLLU,PWRSPVPHLLU,ELCPHLLU,1,2033,1
PHLLU,PWRSPVPHLLU,ELCPHLLU,1,2034,1
PHLLU,PWRSPVPHLLU,ELCPHLLU,1,2035,1
PHLLU,PWRSPVPHLLU,ELCPHLLU,1,2036,1
PHLLU,PWRSPVPHLLU,ELCPHLLU,1,2037,1
PHLLU,PWRSPVPHLLU,ELCPHLLU,1,2038,1
PHLLU,PWRSPVPHLLU,ELCPHLLU,1,2039,1
PHLLU,PWRSPVPHLLU,ELCPHLLU,1,2040,1
PHLLU,PWRSPVPHLLU,ELCPHLLU,1,2041,1
PHLLU,PWRSPVPHLLU,ELCPHLLU,1,2042,1
PHLLU,PWRSPVPHLLU,ELCPHLLU,1,2043,1
PHLLU,PWRSPVPHLLU,ELCPHLLU,1,2044,1
PHLLU,PWRSPVPHLLU,ELCPHLLU,1,2045,1
PHLLU,PWRSPVPHLLU,ELCPHLLU,1,2046,1
PHLLU,PWRSPVPHLLU,ELCPHLLU,1,2047,1
PHLLU,PWRSPVPHLLU,ELCPHLLU,1,2048,1
PHLLU,PWRSPVPHLLU,ELCPHLLU,1,2049,1
PHLLU,PWRSPVPHLLU,ELCPHLLU,1,2050,1
PHLLU,PWRCOAPHLLU,ELCPHLLU,2,2020,1
PHLLU,PWRCOAPHLLU,ELCPHLLU,2,2021,1
PHLLU,PWRCOAPHLLU,ELCPHLLU,2,2022,1
PHLLU,PWRCOAPHLLU,ELCPHLLU,2,2023,1
PHLLU,PWRCOAPHLLU,ELCPHLLU,2,2024,1
PHLLU,PWRCOAPHLLU,ELCPHLLU,2,2025,1
PHLLU,PWRCOAPHLLU,ELCPHLLU,2,2026,1
PHLLU,PWRCOAPHLLU,ELCPHLLU,2,2027,1
PHLLU,PWRCOAPHLLU,ELCPHLLU,2,2028,1
PHLLU,PWRCOAPHLLU,ELCPHLLU,2,2029,1
PHLLU,PWRCOAPHLLU,ELCPHLLU,2,2030,1
PHLLU,PWRCOAPHLLU,ELCPHLLU,2,2031,1
PHLLU,PWRCOAPHLLU,ELCPHLLU,2,2032,1
PHLLU,PWRCOAPHLLU,ELCPHLLU,2,2033,1
PHLLU,PWRCOAPHLLU,ELCPHLLU,2,2034,1
PHLLU,PWRCOAPHLLU,ELCPHLLU,2,2035,1
PHLLU,PWRCOAPHLLU,ELCPHLLU,2,2036,1
PHLLU,PWRCOAPHLLU,ELCPHLLU,2,2037,1
PHLLU,PWRCOAPHLLU,ELCPHLLU,2,2038,1
PHLLU,PWRCOAPHLLU,ELCPHLLU,2,2039,1
PHLLU,PWRCOAPHLLU,ELCPHLLU,2,2040,1
PHLLU,PWRCOAPHLLU,ELCPHLLU,2,2041,1
PHLLU,PWRCOAPHLLU,ELCPHLLU,2,2042,1
PHLLU,PWRCOAPHLLU,ELCPHLLU,2,2043,1
PHLLU,PWRCOAPHLLU,ELCPHLLU,2,2044,1
PHLLU,PWRCOAPHLLU,ELCPHLLU,2,2045,1
PHLLU,PWRCOAPHLLU,ELCPHLLU,2,2046,1
PHLLU,PWRCOAPHLLU,ELCPHLLU,2,2047,1
PHLLU,PWRCOAPHLLU,ELCPHLLU,2,2048,1
PHLLU,PWRCOAPHLLU,ELCPHLLU,2,2049,1
PHLLU,PWRCOAPHLLU,ELCPHLLU,2,2050,1
PHLLU,PWRBIOPHLLU,ELCPHLLU,2,2020,1
PHLLU,PWRBIOPHLLU,ELCPHLLU,2,2021,1
PHLLU,PWRBIOPHLLU,ELCPHLLU,2,2022,1
PHLLU,PWRBIOPHLLU,ELCPHLLU,2,2023,1
PHLLU,PWRBIOPHLLU,ELCPHLLU,2,2024,1
PHLLU,PWRBIOPHLLU,ELCPHLLU,2,2025,1
PHLLU,PWRBIOPHLLU,ELCPHLLU,2,2026,1
PHLLU,PWRBIOPHLLU,ELCPHLLU,2,2027,1
PHLLU,PWRBIOPHLLU,ELCPHLLU,2,2028,1
PHLLU,PWRBIOPHLLU,ELCPHLLU,2,2029,1
PHLLU,PWRBIOPHLLU,ELCPHLLU,2,2030,1
PHLLU,PWRBIOPHLLU,ELCPHLLU,2,2031,1
PHLLU,PWRBIOPHLLU,ELCPHLLU,2,2032,1
PHLLU,PWRBIOPHLLU,ELCPHLLU,2,2033,1
PHLLU,PWRBIOPHLLU,ELCPHLLU,2,2034,1
PHLLU,PWRBIOPHLLU,ELCPHLLU,2,2035,1
PHLLU,PWRBIOPHLLU,ELCPHLLU,2,2036,1
PHLLU,PWRBIOPHLLU,ELCPHLLU,2,2037,1
PHLLU,PWRBIOPHLLU,ELCPHLLU,2,2038,1
PHLLU,PWRBIOPHLLU,ELCPHLLU,2,2039,1
PHLLU,PWRBIOPHLLU,ELCPHLLU,2,2040,1
PHLLU,PWRBIOPHLLU,ELCPHLLU,2,2041,1
PHLLU,PWRBIOPHLLU,ELCPHLLU,2,2042,1
PHLLU,PWRBIOPHLLU,ELCPHLLU,2,2043,1
PHLLU,PWRBIOPHLLU,ELCPHLLU,2,2044,1
PHLLU,PWRBIOPHLLU,ELCPHLLU,2,2045,1
PHLLU,PWRBIOPHLLU,ELCPHLLU,2,2046,1
PHLLU,PWRBIOPHLLU,ELCPHLLU,2,2047,1
PHLLU,PWRBIOPHLLU,ELCPHLLU,2,2048,1
PHLLU,PWRBIOPHLLU,ELCPHLLU,2,2049,1
PHLLU,PWRBIOPHLLU,ELCPHLLU,2,2050,1
PHLLU,PWRGASPHLLU,ELCPHLLU,2,2020,1
PHLLU,PWRGASPHLLU,ELCPHLLU,2,2021,1
PHLLU,PWRGASPHLLU,ELCPHLLU,2,2022,1
PHLLU,PWRGASPHLLU,ELCPHLLU,2,2023,1
PHLLU,PWRGASPHLLU,ELCPHLLU,2,2024,1
PHLLU,PWRGASPHLLU,ELCPHLLU,2,2025,1
PHLLU,PWRGASPHLLU,ELCPHLLU,2,2026,1
PHLLU,PWRGASPHLLU,ELCPHLLU,2,2027,1
PHLLU,PWRGASPHLLU,ELCPHLLU,2,2028,1
PHLLU,PWRGASPHLLU,ELCPHLLU,2,2029,1
PHLLU,PWRGASPHLLU,ELCPHLLU,2,2030,1
PHLLU,PWRGASPHLLU,ELCPHLLU,2,2031,1
PHLLU,PWRGASPHLLU,ELCPHLLU,2,2032,1
PHLLU,PWRGASPHLLU,ELCPHLLU,2,2033,1
PHLLU,PWRGASPHLLU,ELCPHLLU,2,2034,1
PHLLU,PWRGASPHLLU,ELCPHLLU,2,2035,1
PHLLU,PWRGASPHLLU,ELCPHLLU,2,2036,1
PHLLU,PWRGASPHLLU,ELCPHLLU,2,2037,1
PHLLU,PWRGASPHLLU,ELCPHLLU,2,2038,1
PHLLU,PWRGASPHLLU,ELCPHLLU,2,2039,1
PHLLU,PWRGASPHLLU,ELCPHLLU,2,2040,1
PHLLU,PWRGASPHLLU,ELCPHLLU,2,2041,1
PHLLU,PWRGASPHLLU,ELCPHLLU,2,2042,1
PHLLU,PWRGASPHLLU,ELCPHLLU,2,2043,1
PHLLU,PWRGASPHLLU,ELCPHLLU,2,2044,1
PHLLU,PWRGASPHLLU,ELCPHLLU,2,2045,1
PHLLU,PWRGASPHLLU,ELCPHLLU,2,2046,1
PHLLU,PWRGASPHLLU,ELCPHLLU,2,2047,1
PHLLU,PWRGASPHLLU,ELCPHLLU,2,2048,1
PHLLU,PWRGASPHLLU,ELCPHLLU,2,2049,1
PHLLU,PWRGASPHLLU,ELCPHLLU,2,2050,1
PHLLU,PWRHYDPHLLU,ELCPHLLU,2,2020,1
PHLLU,PWRHYDPHLLU,ELCPHLLU,2,2021,1
PHLLU,PWRHYDPHLLU,ELCPHLLU,2,2022,1
PHLLU,PWRHYDPHLLU,ELCPHLLU,2,2023,1
PHLLU,PWRHYDPHLLU,ELCPHLLU,2,2024,1
PHLLU,PWRHYDPHLLU,ELCPHLLU,2,2025,1
PHLLU,PWRHYDPHLLU,ELCPHLLU,2,2026,1
PHLLU,PWRHYDPHLLU,ELCPHLLU,2,2027,1
PHLLU,PWRHYDPHLLU,ELCPHLLU,2,2028,1
PHLLU,PWRHYDPHLLU,ELCPHLLU,2,2029,1
PHLLU,PWRHYDPHLLU,ELCPHLLU,2,2030,1
PHLLU,PWRHYDPHLLU,ELCPHLLU,2,2031,1
PHLLU,PWRHYDPHLLU,ELCPHLLU,2,2032,1
PHLLU,PWRHYDPHLLU,ELCPHLLU,2,2033,1
PHLLU,PWRHYDPHLLU,ELCPHLLU,2,2034,1
PHLLU,PWRHYDPHLLU,ELCPHLLU,2,2035,1
PHLLU,PWRHYDPHLLU,ELCPHLLU,2,2036,1
PHLLU,PWRHYDPHLLU,ELCPHLLU,2,2037,1
PHLLU,PWRHYDPHLLU,ELCPHLLU,2,2038,1
PHLLU,PWRHYDPHLLU,ELCPHLLU,2,2039,1
PHLLU,PWRHYDPHLLU,ELCPHLLU,2,2040,1
PHLLU,PWRHYDPHLLU,ELCPHLLU,2,2041,1
PHLLU,PWRHYDPHLLU,ELCPHLLU,2,2042,1
PHLLU,PWRHYDPHLLU,ELCPHLLU,2,2043,1
PHLLU,PWRHYDPHLLU,ELCPHLLU,2,2044,1
PHLLU,PWRHYDPHLLU,ELCPHLLU,2,2045,1
PHLLU,PWRHYDPHLLU,ELCPHLLU,2,2046,1
PHLLU,PWRHYDPHLLU,ELCPHLLU,2,2047,1
PHLLU,PWRHYDPHLLU,ELCPHLLU,2,2048,1
PHLLU,PWRHYDPHLLU,ELCPHLLU,2,2049,1
PHLLU,PWRHYDPHLLU,ELCPHLLU,2,2050,1
PHLLU,PWROILPHLLU,ELCPHLLU,2,2020,1
PHLLU,PWROILPHLLU,ELCPHLLU,2,2021,1
PHLLU,PWROILPHLLU,ELCPHLLU,2,2022,1
PHLLU,PWROILPHLLU,ELCPHLLU,2,2023,1
PHLLU,PWROILPHLLU,ELCPHLLU,2,2024,1
PHLLU,PWROILPHLLU,ELCPHLLU,2,2025,1
PHLLU,PWROILPHLLU,ELCPHLLU,2,2026,1
PHLLU,PWROILPHLLU,ELCPHLLU,2,2027,1
PHLLU,PWROILPHLLU,ELCPHLLU,2,2028,1
PHLLU,PWROILPHLLU,ELCPHLLU,2,2029,1
PHLLU,PWROILPHLLU,ELCPHLLU,2,2030,1
PHLLU,PWROILPHLLU,ELCPHLLU,2,2031,1
PHLLU,PWROILPHLLU,ELCPHLLU,2,2032,1
PHLLU,PWROILPHLLU,ELCPHLLU,2,2033,1
PHLLU,PWROILPHLLU,ELCPHLLU,2,2034,1
PHLLU,PWROILPHLLU,ELCPHLLU,2,2035,1
PHLLU,PWROILPHLLU,ELCPHLLU,2,2036,1
PHLLU,PWROILPHLLU,ELCPHLLU,2,2037,1
PHLLU,PWROILPHLLU,ELCPHLLU,2,2038,1
PHLLU,PWROILPHLLU,ELCPHLLU,2,2039,1
PHLLU,PWROILPHLLU,ELCPHLLU,2,2040,1
PHLLU,PWROILPHLLU,ELCPHLLU,2,2041,1
PHLLU,PWROILPHLLU,ELCPHLLU,2,2042,1
PHLLU,PWROILPHLLU,ELCPHLLU,2,2043,1
PHLLU,PWROILPHLLU,ELCPHLLU,2,2044,1
PHLLU,PWROILPHLLU,ELCPHLLU,2,2045,1
PHLLU,PWROILPHLLU,ELCPHLLU,2,2046,1
PHLLU,PWROILPHLLU,ELCPHLLU,2,2047,1
PHLLU,PWROILPHLLU,ELCPHLLU,2,2048,1
PHLLU,PWROILPHLLU,ELCPHLLU,2,2049,1
PHLLU,PWROILPHLLU,ELCPHLLU,2,2050,1
PHLLU,PWRSPVPHLLU,ELCPHLLU,2,2020,1
PHLLU,PWRSPVPHLLU,ELCPHLLU,2,2021,1
PHLLU,PWRSPVPHLLU,ELCPHLLU,2,2022,1
PHLLU,PWRSPVPHLLU,ELCPHLLU,2,2023,1
PHLLU,PWRSPVPHLLU,ELCPHLLU,2,2024,1
PHLLU,PWRSPVPHLLU,ELCPHLLU,2,2025,1
PHLLU,PWRSPVPHLLU,ELCPHLLU,2,2026,1
PHLLU,PWRSPVPHLLU,ELCPHLLU,2,2027,1
PHLLU,PWRSPVPHLLU,ELCPHLLU,2,2028,1
PHLLU,PWRSPVPHLLU,ELCPHLLU,2,2029,1
PHLLU,PWRSPVPHLLU,ELCPHLLU,2,2030,1
PHLLU,PWRSPVPHLLU,ELCPHLLU,2,2031,1
PHLLU,PWRSPVPHLLU,ELCPHLLU,2,2032,1
PHLLU,PWRSPVPHLLU,ELCPHLLU,2,2033,1
PHLLU,PWRSPVPHLLU,ELCPHLLU,2,2034,1
PHLLU,PWRSPVPHLLU,ELCPHLLU,2,2035,1
PHLLU,PWRSPVPHLLU,ELCPHLLU,2,2036,1
PHLLU,PWRSPVPHLLU,ELCPHLLU,2,2037,1
PHLLU,PWRSPVPHLLU,ELCPHLLU,2,2038,1
PHLLU,PWRSPVPHLLU,ELCPHLLU,2,2039,1
PHLLU,PWRSPVPHLLU,ELCPHLLU,2,2040,1
PHLLU,PWRSPVPHLLU,ELCPHLLU,2,2041,1
PHLLU,PWRSPVPHLLU,ELCPHLLU,2,2042,1
PHLLU,PWRSPVPHLLU,ELCPHLLU,2,2043,1
PHLLU,PWRSPVPHLLU,ELCPHLLU,2,2044,1
PHLLU,PWRSPVPHLLU,ELCPHLLU,2,2045,1
PHLLU,PWRSPVPHLLU,ELCPHLLU,2,2046,1
PHLLU,PWRSPVPHLLU,ELCPHLLU,2,2047,1
PHLLU,PWRSPVPHLLU,ELCPHLLU,2,2048,1
PHLLU,PWRSPVPHLLU,ELCPHLLU,2,2049,1
PHLLU,PWRSPVPHLLU,ELCPHLLU,2,2050,1
PHLLU,PWRBIOPHLLU,ELCREPHLLU,1,2020,1
PHLLU,PWRBIOPHLLU,ELCREPHLLU,1,2021,1
PHLLU,PWRBIOPHLLU,ELCREPHLLU,1,2022,1
PHLLU,PWRBIOPHLLU,ELCREPHLLU,1,2023,1
PHLLU,PWRBIOPHLLU,ELCREPHLLU,1,2024,1
PHLLU,PWRBIOPHLLU,ELCREPHLLU,1,2025,1
PHLLU,PWRBIOPHLLU,ELCREPHLLU,1,2026,1
PHLLU,PWRBIOPHLLU,ELCREPHLLU,1,2027,1
PHLLU,PWRBIOPHLLU,ELCREPHLLU,1,2028,1
PHLLU,PWRBIOPHLLU,ELCREPHLLU,1,2029,1
PHLLU,PWRBIOPHLLU,ELCREPHLLU,1,2030,1
PHLLU,PWRBIOPHLLU,ELCREPHLLU,1,2031,1
PHLLU,PWRBIOPHLLU,ELCREPHLLU,1,2032,1
PHLLU,PWRBIOPHLLU,ELCREPHLLU,1,2033,1
PHLLU,PWRBIOPHLLU,ELCREPHLLU,1,2034,1
PHLLU,PWRBIOPHLLU,ELCREPHLLU,1,2035,1
PHLLU,PWRBIOPHLLU,ELCREPHLLU,1,2036,1
PHLLU,PWRBIOPHLLU,ELCREPHLLU,1,2037,1
PHLLU,PWRBIOPHLLU,ELCREPHLLU,1,2038,1
PHLLU,PWRBIOPHLLU,ELCREPHLLU,1,2039,1
PHLLU,PWRBIOPHLLU,ELCREPHLLU,1,2040,1
PHLLU,PWRBIOPHLLU,ELCREPHLLU,1,2041,1
PHLLU,PWRBIOPHLLU,ELCREPHLLU,1,2042,1
PHLLU,PWRBIOPHLLU,ELCREPHLLU,1,2043,1
PHLLU,PWRBIOPHLLU,ELCREPHLLU,1,2044,1
PHLLU,PWRBIOPHLLU,ELCREPHLLU,1,2045,1
PHLLU,PWRBIOPHLLU,ELCREPHLLU,1,2046,1
PHLLU,PWRBIOPHLLU,ELCREPHLLU,1,2047,1
PHLLU,PWRBIOPHLLU,ELCREPHLLU,1,2048,1
PHLLU,PWRBIOPHLLU,ELCREPHLLU,1,2049,1
PHLLU,PWRBIOPHLLU,ELCREPHLLU,1,2050,1
PHLLU,PWRHYDPHLLU,ELCREPHLLU,1,2020,1
PHLLU,PWRHYDPHLLU,ELCREPHLLU,1,2021,1
PHLLU,PWRHYDPHLLU,ELCREPHLLU,1,2022,1
PHLLU,PWRHYDPHLLU,ELCREPHLLU,1,2023,1
PHLLU,PWRHYDPHLLU,ELCREPHLLU,1,2024,1
PHLLU,PWRHYDPHLLU,ELCREPHLLU,1,2025,1
PHLLU,PWRHYDPHLLU,ELCREPHLLU,1,2026,1
PHLLU,PWRHYDPHLLU,ELCREPHLLU,1,2027,1
PHLLU,PWRHYDPHLLU,ELCREPHLLU,1,2028,1
PHLLU,PWRHYDPHLLU,ELCREPHLLU,1,2029,1
PHLLU,PWRHYDPHLLU,ELCREPHLLU,1,2030,1
PHLLU,PWRHYDPHLLU,ELCREPHLLU,1,2031,1
PHLLU,PWRHYDPHLLU,ELCREPHLLU,1,2032,1
PHLLU,PWRHYDPHLLU,ELCREPHLLU,1,2033,1
PHLLU,PWRHYDPHLLU,ELCREPHLLU,1,2034,1
PHLLU,PWRHYDPHLLU,ELCREPHLLU,1,2035,1
PHLLU,PWRHYDPHLLU,ELCREPHLLU,1,2036,1
PHLLU,PWRHYDPHLLU,ELCREPHLLU,1,2037,1
PHLLU,PWRHYDPHLLU,ELCREPHLLU,1,2038,1
PHLLU,PWRHYDPHLLU,ELCREPHLLU,1,2039,1
PHLLU,PWRHYDPHLLU,ELCREPHLLU,1,2040,1
PHLLU,PWRHYDPHLLU,ELCREPHLLU,1,2041,1
PHLLU,PWRHYDPHLLU,ELCREPHLLU,1,2042,1
PHLLU,PWRHYDPHLLU,ELCREPHLLU,1,2043,1
PHLLU,PWRHYDPHLLU,ELCREPHLLU,1,2044,1
PHLLU,PWRHYDPHLLU,ELCREPHLLU,1,2045,1
PHLLU,PWRHYDPHLLU,ELCREPHLLU,1,2046,1
PHLLU,PWRHYDPHLLU,ELCREPHLLU,1,2047,1
PHLLU,PWRHYDPHLLU,ELCREPHLLU,1,2048,1
PHLLU,PWRHYDPHLLU,ELCREPHLLU,1,2049,1
PHLLU,PWRHYDPHLLU,ELCREPHLLU,1,2050,1
PHLLU,PWRSPVPHLLU,ELCREPHLLU,1,2020,1
PHLLU,PWRSPVPHLLU,ELCREPHLLU,1,2021,1
PHLLU,PWRSPVPHLLU,ELCREPHLLU,1,2022,1
PHLLU,PWRSPVPHLLU,ELCREPHLLU,1,2023,1
PHLLU,PWRSPVPHLLU,ELCREPHLLU,1,2024,1
PHLLU,PWRSPVPHLLU,ELCREPHLLU,1,2025,1
PHLLU,PWRSPVPHLLU,ELCREPHLLU,1,2026,1
PHLLU,PWRSPVPHLLU,ELCREPHLLU,1,2027,1
PHLLU,PWRSPVPHLLU,ELCREPHLLU,1,2028,1
PHLLU,PWRSPVPHLLU,ELCREPHLLU,1,2029,1
PHLLU,PWRSPVPHLLU,ELCREPHLLU,1,2030,1
PHLLU,PWRSPVPHLLU,ELCREPHLLU,1,2031,1
PHLLU,PWRSPVPHLLU,ELCREPHLLU,1,2032,1
PHLLU,PWRSPVPHLLU,ELCREPHLLU,1,2033,1
PHLLU,PWRSPVPHLLU,ELCREPHLLU,1,2034,1
PHLLU,PWRSPVPHLLU,ELCREPHLLU,1,2035,1
PHLLU,PWRSPVPHLLU,ELCREPHLLU,1,2036,1
PHLLU,PWRSPVPHLLU,ELCREPHLLU,1,2037,1
PHLLU,PWRSPVPHLLU,ELCREPHLLU,1,2038,1
PHLLU,PWRSPVPHLLU,ELCREPHLLU,1,2039,1
PHLLU,PWRSPVPHLLU,ELCREPHLLU,1,2040,1
PHLLU,PWRSPVPHLLU,ELCREPHLLU,1,2041,1
PHLLU,PWRSPVPHLLU,ELCREPHLLU,1,2042,1
PHLLU,PWRSPVPHLLU,ELCREPHLLU,1,2043,1
PHLLU,PWRSPVPHLLU,ELCREPHLLU,1,2044,1
PHLLU,PWRSPVPHLLU,ELCREPHLLU,1,2045,1
PHLLU,PWRSPVPHLLU,ELCREPHLLU,1,2046,1
PHLLU,PWRSPVPHLLU,ELCREPHLLU,1,2047,1
PHLLU,PWRSPVPHLLU,ELCREPHLLU,1,2048,1
PHLLU,PWRSPVPHLLU,ELCREPHLLU,1,2049,1
PHLLU,PWRSPVPHLLU,ELCREPHLLU,1,2050,1
PHLLU,PWRBIOPHLLU,ELCREPHLLU,2,2020,1
PHLLU,PWRBIOPHLLU,ELCREPHLLU,2,2021,1
PHLLU,PWRBIOPHLLU,ELCREPHLLU,2,2022,1
PHLLU,PWRBIOPHLLU,ELCREPHLLU,2,2023,1
PHLLU,PWRBIOPHLLU,ELCREPHLLU,2,2024,1
PHLLU,PWRBIOPHLLU,ELCREPHLLU,2,2025,1
PHLLU,PWRBIOPHLLU,ELCREPHLLU,2,2026,1
PHLLU,PWRBIOPHLLU,ELCREPHLLU,2,2027,1
PHLLU,PWRBIOPHLLU,ELCREPHLLU,2,2028,1
PHLLU,PWRBIOPHLLU,ELCREPHLLU,2,2029,1
PHLLU,PWRBIOPHLLU,ELCREPHLLU,2,2030,1
PHLLU,PWRBIOPHLLU,ELCREPHLLU,2,2031,1
PHLLU,PWRBIOPHLLU,ELCREPHLLU,2,2032,1
PHLLU,PWRBIOPHLLU,ELCREPHLLU,2,2033,1
PHLLU,PWRBIOPHLLU,ELCREPHLLU,2,2034,1
PHLLU,PWRBIOPHLLU,ELCREPHLLU,2,2035,1
PHLLU,PWRBIOPHLLU,ELCREPHLLU,2,2036,1
PHLLU,PWRBIOPHLLU,ELCREPHLLU,2,2037,1
PHLLU,PWRBIOPHLLU,ELCREPHLLU,2,2038,1
PHLLU,PWRBIOPHLLU,ELCREPHLLU,2,2039,1
PHLLU,PWRBIOPHLLU,ELCREPHLLU,2,2040,1
PHLLU,PWRBIOPHLLU,ELCREPHLLU,2,2041,1
PHLLU,PWRBIOPHLLU,ELCREPHLLU,2,2042,1
PHLLU,PWRBIOPHLLU,ELCREPHLLU,2,2043,1
PHLLU,PWRBIOPHLLU,ELCREPHLLU,2,2044,1
PHLLU,PWRBIOPHLLU,ELCREPHLLU,2,2045,1
PHLLU,PWRBIOPHLLU,ELCREPHLLU,2,2046,1
PHLLU,PWRBIOPHLLU,ELCREPHLLU,2,2047,1
PHLLU,PWRBIOPHLLU,ELCREPHLLU,2,2048,1
PHLLU,PWRBIOPHLLU,ELCREPHLLU,2,2049,1
PHLLU,PWRBIOPHLLU,ELCREPHLLU,2,2050,1
PHLLU,PWRHYDPHLLU,ELCREPHLLU,2,2020,1
PHLLU,PWRHYDPHLLU,ELCREPHLLU,2,2021,1
PHLLU,PWRHYDPHLLU,ELCREPHLLU,2,2022,1
PHLLU,PWRHYDPHLLU,ELCREPHLLU,2,2023,1
PHLLU,PWRHYDPHLLU,ELCREPHLLU,2,2024,1
PHLLU,PWRHYDPHLLU,ELCREPHLLU,2,2025,1
PHLLU,PWRHYDPHLLU,ELCREPHLLU,2,2026,1
PHLLU,PWRHYDPHLLU,ELCREPHLLU,2,2027,1
PHLLU,PWRHYDPHLLU,ELCREPHLLU,2,2028,1
PHLLU,PWRHYDPHLLU,ELCREPHLLU,2,2029,1
PHLLU,PWRHYDPHLLU,ELCREPHLLU,2,2030,1
PHLLU,PWRHYDPHLLU,ELCREPHLLU,2,2031,1
PHLLU,PWRHYDPHLLU,ELCREPHLLU,2,2032,1
PHLLU,PWRHYDPHLLU,ELCREPHLLU,2,2033,1
PHLLU,PWRHYDPHLLU,ELCREPHLLU,2,2034,1
PHLLU,PWRHYDPHLLU,ELCREPHLLU,2,2035,1
PHLLU,PWRHYDPHLLU,ELCREPHLLU,2,2036,1
PHLLU,PWRHYDPHLLU,ELCREPHLLU,2,2037,1
PHLLU,PWRHYDPHLLU,ELCREPHLLU,2,2038,1
PHLLU,PWRHYDPHLLU,ELCREPHLLU,2,2039,1
PHLLU,PWRHYDPHLLU,ELCREPHLLU,2,2040,1
PHLLU,PWRHYDPHLLU,ELCREPHLLU,2,2041,1
PHLLU,PWRHYDPHLLU,ELCREPHLLU,2,2042,1
PHLLU,PWRHYDPHLLU,ELCREPHLLU,2,2043,1
PHLLU,PWRHYDPHLLU,ELCREPHLLU,2,2044,1
PHLLU,PWRHYDPHLLU,ELCREPHLLU,2,2045,1
PHLLU,PWRHYDPHLLU,ELCREPHLLU,2,2046,1
PHLLU,PWRHYDPHLLU,ELCREPHLLU,2,2047,1
PHLLU,PWRHYDPHLLU,ELCREPHLLU,2,2048,1
PHLLU,PWRHYDPHLLU,ELCREPHLLU,2,2049,1
PHLLU,PWRHYDPHLLU,ELCREPHLLU,2,2050,1
PHLLU,PWROILPHLLU,ELCREPHLLU,2,2020,1
PHLLU,PWRSPVPHLLU,ELCREPHLLU,2,2020,1
PHLLU,PWRSPVPHLLU,ELCREPHLLU,2,2021,1
PHLLU,PWRSPVPHLLU,ELCREPHLLU,2,2022,1
PHLLU,PWRSPVPHLLU,ELCREPHLLU,2,2023,1
PHLLU,PWRSPVPHLLU,ELCREPHLLU,2,2024,1
PHLLU,PWRSPVPHLLU,ELCREPHLLU,2,2025,1
PHLLU,PWRSPVPHLLU,ELCREPHLLU,2,2026,1
PHLLU,PWRSPVPHLLU,ELCREPHLLU,2,2027,1
PHLLU,PWRSPVPHLLU,ELCREPHLLU,2,2028,1
PHLLU,PWRSPVPHLLU,ELCREPHLLU,2,2029,1
PHLLU,PWRSPVPHLLU,ELCREPHLLU,2,2030,1
PHLLU,PWRSPVPHLLU,ELCREPHLLU,2,2031,1
PHLLU,PWRSPVPHLLU,ELCREPHLLU,2,2032,1
PHLLU,PWRSPVPHLLU,ELCREPHLLU,2,2033,1
PHLLU,PWRSPVPHLLU,ELCREPHLLU,2,2034,1
PHLLU,PWRSPVPHLLU,ELCREPHLLU,2,2035,1
PHLLU,PWRSPVPHLLU,ELCREPHLLU,2,2036,1
PHLLU,PWRSPVPHLLU,ELCREPHLLU,2,2037,1
PHLLU,PWRSPVPHLLU,ELCREPHLLU,2,2038,1
PHLLU,PWRSPVPHLLU,ELCREPHLLU,2,2039,1
PHLLU,PWRSPVPHLLU,ELCREPHLLU,2,2040,1
PHLLU,PWRSPVPHLLU,ELCREPHLLU,2,2041,1
PHLLU,PWRSPVPHLLU,ELCREPHLLU,2,2042,1
PHLLU,PWRSPVPHLLU,ELCREPHLLU,2,2043,1
PHLLU,PWRSPVPHLLU,ELCREPHLLU,2,2044,1
PHLLU,PWRSPVPHLLU,ELCREPHLLU,2,2045,1
PHLLU,PWRSPVPHLLU,ELCREPHLLU,2,2046,1
PHLLU,PWRSPVPHLLU,ELCREPHLLU,2,2047,1
PHLLU,PWRSPVPHLLU,ELCREPHLLU,2,2048,1
PHLLU,PWRSPVPHLLU,ELCREPHLLU,2,2049,1
PHLLU,PWRSPVPHLLU,ELCREPHLLU,2,2050,1
PHLLU,MINCOAPHLLU,COANPL,1,2020,1
PHLLU,MINCOAPHLLU,COANPL,1,2021,1
PHLLU,MINCOAPHLLU,COANPL,1,2022,1
PHLLU,MINCOAPHLLU,COANPL,1,2023,1
PHLLU,MINCOAPHLLU,COANPL,1,2024,1
PHLLU,MINCOAPHLLU,COANPL,1,2025,1
PHLLU,MINCOAPHLLU,COANPL,1,2026,1
PHLLU,MINCOAPHLLU,COANPL,1,2027,1
PHLLU,MINCOAPHLLU,COANPL,1,2028,1
PHLLU,MINCOAPHLLU,COANPL,1,2029,1
PHLLU,MINCOAPHLLU,COANPL,1,2030,1
PHLLU,MINCOAPHLLU,COANPL,1,2031,1
PHLLU,MINCOAPHLLU,COANPL,1,2032,1
PHLLU,MINCOAPHLLU,COANPL,1,2033,1
PHLLU,MINCOAPHLLU,COANPL,1,2034,1
PHLLU,MINCOAPHLLU,COANPL,1,2035,1
PHLLU,MINCOAPHLLU,COANPL,1,2036,1
PHLLU,MINCOAPHLLU,COANPL,1,2037,1
PHLLU,MINCOAPHLLU,COANPL,1,2038,1
PHLLU,MINCOAPHLLU,COANPL,1,2039,1
PHLLU,MINCOAPHLLU,COANPL,1,2040,1
PHLLU,MINCOAPHLLU,COANPL,1,2041,1
PHLLU,MINCOAPHLLU,COANPL,1,2042,1
PHLLU,MINCOAPHLLU,COANPL,1,2043,1
PHLLU,MINCOAPHLLU,COANPL,1,2044,1
PHLLU,MINCOAPHLLU,COANPL,1,2045,1
PHLLU,MINCOAPHLLU,COANPL,1,2046,1
PHLLU,MINCOAPHLLU,COANPL,1,2047,1
PHLLU,MINCOAPHLLU,COANPL,1,2048,1
PHLLU,MINCOAPHLLU,COANPL,1,2049,1
PHLLU,MINCOAPHLLU,COANPL,1,2050,1
PHLLU,RNWBIOPHLLU,BIONPL,1,2020,1
PHLLU,RNWBIOPHLLU,BIONPL,1,2021,1
PHLLU,RNWBIOPHLLU,BIONPL,1,2022,1
PHLLU,RNWBIOPHLLU,BIONPL,1,2023,1
PHLLU,RNWBIOPHLLU,BIONPL,1,2024,1
PHLLU,RNWBIOPHLLU,BIONPL,1,2025,1
PHLLU,RNWBIOPHLLU,BIONPL,1,2026,1
PHLLU,RNWBIOPHLLU,BIONPL,1,2027,1
PHLLU,RNWBIOPHLLU,BIONPL,1,2028,1
PHLLU,RNWBIOPHLLU,BIONPL,1,2029,1
PHLLU,RNWBIOPHLLU,BIONPL,1,2030,1
PHLLU,RNWBIOPHLLU,BIONPL,1,2031,1
PHLLU,RNWBIOPHLLU,BIONPL,1,2032,1
PHLLU,RNWBIOPHLLU,BIONPL,1,2033,1
PHLLU,RNWBIOPHLLU,BIONPL,1,2034,1
PHLLU,RNWBIOPHLLU,BIONPL,1,2035,1
PHLLU,RNWBIOPHLLU,BIONPL,1,2036,1
PHLLU,RNWBIOPHLLU,BIONPL,1,2037,1
PHLLU,RNWBIOPHLLU,BIONPL,1,2038,1
PHLLU,RNWBIOPHLLU,BIONPL,1,2039,1
PHLLU,RNWBIOPHLLU,BIONPL,1,2040,1
PHLLU,RNWBIOPHLLU,BIONPL,1,2041,1
PHLLU,RNWBIOPHLLU,BIONPL,1,2042,1
PHLLU,RNWBIOPHLLU,BIONPL,1,2043,1
PHLLU,RNWBIOPHLLU,BIONPL,1,2044,1
PHLLU,RNWBIOPHLLU,BIONPL,1,2045,1
PHLLU,RNWBIOPHLLU,BIONPL,1,2046,1
PHLLU,RNWBIOPHLLU,BIONPL,1,2047,1
PHLLU,RNWBIOPHLLU,BIONPL,1,2048,1
PHLLU,RNWBIOPHLLU,BIONPL,1,2049,1
PHLLU,RNWBIOPHLLU,BIONPL,1,2050,1
PHLLU,MINGASPHLLU,GASPHLLU,1,2020,1
PHLLU,MINGASPHLLU,GASPHLLU,1,2021,1
PHLLU,MINGASPHLLU,GASPHLLU,1,2022,1
PHLLU,MINGASPHLLU,GASPHLLU,1,2023,1
PHLLU,MINGASPHLLU,GASPHLLU,1,2024,1
PHLLU,MINGASPHLLU,GASPHLLU,1,2025,1
PHLLU,MINGASPHLLU,GASPHLLU,1,2026,1
PHLLU,MINGASPHLLU,GASPHLLU,1,2027,1
PHLLU,MINGASPHLLU,GASPHLLU,1,2028,1
PHLLU,MINGASPHLLU,GASPHLLU,1,2029,1
PHLLU,MINGASPHLLU,GASPHLLU,1,2030,1
PHLLU,MINGASPHLLU,GASPHLLU,1,2031,1
PHLLU,MINGASPHLLU,GASPHLLU,1,2032,1
PHLLU,MINGASPHLLU,GASPHLLU,1,2033,1
PHLLU,MINGASPHLLU,GASPHLLU,1,2034,1
PHLLU,MINGASPHLLU,GASPHLLU,1,2035,1
PHLLU,MINGASPHLLU,GASPHLLU,1,2036,1
PHLLU,MINGASPHLLU,GASPHLLU,1,2037,1
PHLLU,MINGASPHLLU,GASPHLLU,1,2038,1
PHLLU,MINGASPHLLU,GASPHLLU,1,2039,1
PHLLU,MINGASPHLLU,GASPHLLU,1,2040,1
PHLLU,MINGASPHLLU,GASPHLLU,1,2041,1
PHLLU,MINGASPHLLU,GASPHLLU,1,2042,1
PHLLU,MINGASPHLLU,GASPHLLU,1,2043,1
PHLLU,MINGASPHLLU,GASPHLLU,1,2044,1
PHLLU,MINGASPHLLU,GASPHLLU,1,2045,1
PHLLU,MINGASPHLLU,GASPHLLU,1,2046,1
PHLLU,MINGASPHLLU,GASPHLLU,1,2047,1
PHLLU,MINGASPHLLU,GASPHLLU,1,2048,1
PHLLU,MINGASPHLLU,GASPHLLU,1,2049,1
PHLLU,MINGASPHLLU,GASPHLLU,1,2050,1
PHLLU,RNWHYDPHLLU,HYDPHLLU,1,2020,1
PHLLU,RNWHYDPHLLU,HYDPHLLU,1,2021,1
PHLLU,RNWHYDPHLLU,HYDPHLLU,1,2022,1
PHLLU,RNWHYDPHLLU,HYDPHLLU,1,2023,1
PHLLU,RNWHYDPHLLU,HYDPHLLU,1,2024,1
PHLLU,RNWHYDPHLLU,HYDPHLLU,1,2025,1
PHLLU,RNWHYDPHLLU,HYDPHLLU,1,2026,1
PHLLU,RNWHYDPHLLU,HYDPHLLU,1,2027,1
PHLLU,RNWHYDPHLLU,HYDPHLLU,1,2028,1
PHLLU,RNWHYDPHLLU,HYDPHLLU,1,2029,1
PHLLU,RNWHYDPHLLU,HYDPHLLU,1,2030,1
PHLLU,RNWHYDPHLLU,HYDPHLLU,1,2031,1
PHLLU,RNWHYDPHLLU,HYDPHLLU,1,2032,1
PHLLU,RNWHYDPHLLU,HYDPHLLU,1,2033,1
PHLLU,RNWHYDPHLLU,HYDPHLLU,1,2034,1
PHLLU,RNWHYDPHLLU,HYDPHLLU,1,2035,1
PHLLU,RNWHYDPHLLU,HYDPHLLU,1,2036,1
PHLLU,RNWHYDPHLLU,HYDPHLLU,1,2037,1
PHLLU,RNWHYDPHLLU,HYDPHLLU,1,2038,1
PHLLU,RNWHYDPHLLU,HYDPHLLU,1,2039,1
PHLLU,RNWHYDPHLLU,HYDPHLLU,1,2040,1
PHLLU,RNWHYDPHLLU,HYDPHLLU,1,2041,1
PHLLU,RNWHYDPHLLU,HYDPHLLU,1,2042,1
PHLLU,RNWHYDPHLLU,HYDPHLLU,1,2043,1
PHLLU,RNWHYDPHLLU,HYDPHLLU,1,2044,1
PHLLU,RNWHYDPHLLU,HYDPHLLU,1,2045,1
PHLLU,RNWHYDPHLLU,HYDPHLLU,1,2046,1
PHLLU,RNWHYDPHLLU,HYDPHLLU,1,2047,1
PHLLU,RNWHYDPHLLU,HYDPHLLU,1,2048,1
PHLLU,RNWHYDPHLLU,HYDPHLLU,1,2049,1
PHLLU,RNWHYDPHLLU,HYDPHLLU,1,2050,1
PHLLU,MINOILPHLLU,OILPHLLU,1,2020,1
PHLLU,MINOILPHLLU,OILPHLLU,1,2021,1
PHLLU,MINOILPHLLU,OILPHLLU,1,2022,1
PHLLU,MINOILPHLLU,OILPHLLU,1,2023,1
PHLLU,MINOILPHLLU,OILPHLLU,1,2024,1
PHLLU,MINOILPHLLU,OILPHLLU,1,2025,1
PHLLU,MINOILPHLLU,OILPHLLU,1,2026,1
PHLLU,MINOILPHLLU,OILPHLLU,1,2027,1
PHLLU,MINOILPHLLU,OILPHLLU,1,2028,1
PHLLU,MINOILPHLLU,OILPHLLU,1,2029,1
PHLLU,MINOILPHLLU,OILPHLLU,1,2030,1
PHLLU,MINOILPHLLU,OILPHLLU,1,2031,1
PHLLU,MINOILPHLLU,OILPHLLU,1,2032,1
PHLLU,MINOILPHLLU,OILPHLLU,1,2033,1
PHLLU,MINOILPHLLU,OILPHLLU,1,2034,1
PHLLU,MINOILPHLLU,OILPHLLU,1,2035,1
PHLLU,MINOILPHLLU,OILPHLLU,1,2036,1
PHLLU,MINOILPHLLU,OILPHLLU,1,2037,1
PHLLU,MINOILPHLLU,OILPHLLU,1,2038,1
PHLLU,MINOILPHLLU,OILPHLLU,1,2039,1
PHLLU,MINOILPHLLU,OILPHLLU,1,2040,1
PHLLU,MINOILPHLLU,OILPHLLU,1,2041,1
PHLLU,MINOILPHLLU,OILPHLLU,1,2042,1
PHLLU,MINOILPHLLU,OILPHLLU,1,2043,1
PHLLU,MINOILPHLLU,OILPHLLU,1,2044,1
PHLLU,MINOILPHLLU,OILPHLLU,1,2045,1
PHLLU,MINOILPHLLU,OILPHLLU,1,2046,1
PHLLU,MINOILPHLLU,OILPHLLU,1,2047,1
PHLLU,MINOILPHLLU,OILPHLLU,1,2048,1
PHLLU,MINOILPHLLU,OILPHLLU,1,2049,1
PHLLU,MINOILPHLLU,OILPHLLU,1,2050,1
PHLLU,RNWSPVPHLLU,SPVPHLLU,1,2020,1
PHLLU,RNWSPVPHLLU,SPVPHLLU,1,2021,1
PHLLU,RNWSPVPHLLU,SPVPHLLU,1,2022,1
PHLLU,RNWSPVPHLLU,SPVPHLLU,1,2023,1
PHLLU,RNWSPVPHLLU,SPVPHLLU,1,2024,1
PHLLU,RNWSPVPHLLU,SPVPHLLU,1,2025,1
PHLLU,RNWSPVPHLLU,SPVPHLLU,1,2026,1
PHLLU,RNWSPVPHLLU,SPVPHLLU,1,2027,1
PHLLU,RNWSPVPHLLU,SPVPHLLU,1,2028,1
PHLLU,RNWSPVPHLLU,SPVPHLLU,1,2029,1
PHLLU,RNWSPVPHLLU,SPVPHLLU,1,2030,1
PHLLU,RNWSPVPHLLU,SPVPHLLU,1,2031,1
PHLLU,RNWSPVPHLLU,SPVPHLLU,1,2032,1
PHLLU,RNWSPVPHLLU,SPVPHLLU,1,2033,1
PHLLU,RNWSPVPHLLU,SPVPHLLU,1,2034,1
PHLLU,RNWSPVPHLLU,SPVPHLLU,1,2035,1
PHLLU,RNWSPVPHLLU,SPVPHLLU,1,2036,1
PHLLU,RNWSPVPHLLU,SPVPHLLU,1,2037,1
PHLLU,RNWSPVPHLLU,SPVPHLLU,1,2038,1
PHLLU,RNWSPVPHLLU,SPVPHLLU,1,2039,1
PHLLU,RNWSPVPHLLU,SPVPHLLU,1,2040,1
PHLLU,RNWSPVPHLLU,SPVPHLLU,1,2041,1
PHLLU,RNWSPVPHLLU,SPVPHLLU,1,2042,1
PHLLU,RNWSPVPHLLU,SPVPHLLU,1,2043,1
PHLLU,RNWSPVPHLLU,SPVPHLLU,1,2044,1
PHLLU,RNWSPVPHLLU,SPVPHLLU,1,2045,1
PHLLU,RNWSPVPHLLU,SPVPHLLU,1,2046,1
PHLLU,RNWSPVPHLLU,SPVPHLLU,1,2047,1
PHLLU,RNWSPVPHLLU,SPVPHLLU,1,2048,1
PHLLU,RNWSPVPHLLU,SPVPHLLU,1,2049,1
PHLLU,RNWSPVPHLLU,SPVPHLLU,1,2050,1
PHLLU,MINCOAPHLLU,COA,2,2020,1
PHLLU,MINCOAPHLLU,COA,2,2021,1
PHLLU,MINCOAPHLLU,COA,2,2022,1
PHLLU,MINCOAPHLLU,COA,2,2023,1
PHLLU,MINCOAPHLLU,COA,2,2024,1
PHLLU,MINCOAPHLLU,COA,2,2025,1
PHLLU,MINCOAPHLLU,COA,2,2026,1
PHLLU,MINCOAPHLLU,COA,2,2027,1
PHLLU,MINCOAPHLLU,COA,2,2028,1
PHLLU,MINCOAPHLLU,COA,2,2029,1
PHLLU,MINCOAPHLLU,COA,2,2030,1
PHLLU,MINCOAPHLLU,COA,2,2031,1
PHLLU,MINCOAPHLLU,COA,2,2032,1
PHLLU,MINCOAPHLLU,COA,2,2033,1
PHLLU,MINCOAPHLLU,COA,2,2034,1
PHLLU,MINCOAPHLLU,COA,2,2035,1
PHLLU,MINCOAPHLLU,COA,2,2036,1
PHLLU,MINCOAPHLLU,COA,2,2037,1
PHLLU,MINCOAPHLLU,COA,2,2038,1
PHLLU,MINCOAPHLLU,COA,2,2039,1
PHLLU,MINCOAPHLLU,COA,2,2040,1
PHLLU,MINCOAPHLLU,COA,2,2041,1
PHLLU,MINCOAPHLLU,COA,2,2042,1
PHLLU,MINCOAPHLLU,COA,2,2043,1
PHLLU,MINCOAPHLLU,COA,2,2044,1
PHLLU,MINCOAPHLLU,COA,2,2045,1
PHLLU,MINCOAPHLLU,COA,2,2046,1
PHLLU,MINCOAPHLLU,COA,2,2047,1
PHLLU,MINCOAPHLLU,COA,2,2048,1
PHLLU,MINCOAPHLLU,COA,2,2049,1
PHLLU,MINCOAPHLLU,COA,2,2050,1
PHLLU,RNWBIOPHLLU,BIONPL,2,2020,1
PHLLU,RNWBIOPHLLU,BIONPL,2,2021,1
PHLLU,RNWBIOPHLLU,BIONPL,2,2022,1
PHLLU,RNWBIOPHLLU,BIONPL,2,2023,1
PHLLU,RNWBIOPHLLU,BIONPL,2,2024,1
PHLLU,RNWBIOPHLLU,BIONPL,2,2025,1
PHLLU,RNWBIOPHLLU,BIONPL,2,2026,1
PHLLU,RNWBIOPHLLU,BIONPL,2,2027,1
PHLLU,RNWBIOPHLLU,BIONPL,2,2028,1
PHLLU,RNWBIOPHLLU,BIONPL,2,2029,1
PHLLU,RNWBIOPHLLU,BIONPL,2,2030,1
PHLLU,RNWBIOPHLLU,BIONPL,2,2031,1
PHLLU,RNWBIOPHLLU,BIONPL,2,2032,1
PHLLU,RNWBIOPHLLU,BIONPL,2,2033,1
PHLLU,RNWBIOPHLLU,BIONPL,2,2034,1
PHLLU,RNWBIOPHLLU,BIONPL,2,2035,1
PHLLU,RNWBIOPHLLU,BIONPL,2,2036,1
PHLLU,RNWBIOPHLLU,BIONPL,2,2037,1
PHLLU,RNWBIOPHLLU,BIONPL,2,2038,1
PHLLU,RNWBIOPHLLU,BIONPL,2,2039,1
PHLLU,RNWBIOPHLLU,BIONPL,2,2040,1
PHLLU,RNWBIOPHLLU,BIONPL,2,2041,1
PHLLU,RNWBIOPHLLU,BIONPL,2,2042,1
PHLLU,RNWBIOPHLLU,BIONPL,2,2043,1
PHLLU,RNWBIOPHLLU,BIONPL,2,2044,1
PHLLU,RNWBIOPHLLU,BIONPL,2,2045,1
PHLLU,RNWBIOPHLLU,BIONPL,2,2046,1
PHLLU,RNWBIOPHLLU,BIONPL,2,2047,1
PHLLU,RNWBIOPHLLU,BIONPL,2,2048,1
PHLLU,RNWBIOPHLLU,BIONPL,2,2049,1
PHLLU,RNWBIOPHLLU,BIONPL,2,2050,1
PHLLU,MINGASPHLLU,GAS,2,2020,1
PHLLU,MINGASPHLLU,GAS,2,2021,1
PHLLU,MINGASPHLLU,GAS,2,2022,1
PHLLU,MINGASPHLLU,GAS,2,2023,1
PHLLU,MINGASPHLLU,GAS,2,2024,1
PHLLU,MINGASPHLLU,GAS,2,2025,1
PHLLU,MINGASPHLLU,GAS,2,2026,1
PHLLU,MINGASPHLLU,GAS,2,2027,1
PHLLU,MINGASPHLLU,GAS,2,2028,1
PHLLU,MINGASPHLLU,GAS,2,2029,1
PHLLU,MINGASPHLLU,GAS,2,2030,1
PHLLU,MINGASPHLLU,GAS,2,2031,1
PHLLU,MINGASPHLLU,GAS,2,2032,1
PHLLU,MINGASPHLLU,GAS,2,2033,1
PHLLU,MINGASPHLLU,GAS,2,2034,1
PHLLU,MINGASPHLLU,GAS,2,2035,1
PHLLU,MINGASPHLLU,GAS,2,2036,1
PHLLU,MINGASPHLLU,GAS,2,2037,1
PHLLU,MINGASPHLLU,GAS,2,2038,1
PHLLU,MINGASPHLLU,GAS,2,2039,1
PHLLU,MINGASPHLLU,GAS,2,2040,1
PHLLU,MINGASPHLLU,GAS,2,2041,1
PHLLU,MINGASPHLLU,GAS,2,2042,1
PHLLU,MINGASPHLLU,GAS,2,2043,1
PHLLU,MINGASPHLLU,GAS,2,2044,1
PHLLU,MINGASPHLLU,GAS,2,2045,1
PHLLU,MINGASPHLLU,GAS,2,2046,1
PHLLU,MINGASPHLLU,GAS,2,2047,1
PHLLU,MINGASPHLLU,GAS,2,2048,1
PHLLU,MINGASPHLLU,GAS,2,2049,1
PHLLU,MINGASPHLLU,GAS,2,2050,1
PHLLU,RNWHYDPHLLU,HYDPHLLU,2,2020,1
PHLLU,RNWHYDPHLLU,HYDPHLLU,2,2021,1
PHLLU,RNWHYDPHLLU,HYDPHLLU,2,2022,1
PHLLU,RNWHYDPHLLU,HYDPHLLU,2,2023,1
PHLLU,RNWHYDPHLLU,HYDPHLLU,2,2024,1
PHLLU,RNWHYDPHLLU,HYDPHLLU,2,2025,1
PHLLU,RNWHYDPHLLU,HYDPHLLU,2,2026,1
PHLLU,RNWHYDPHLLU,HYDPHLLU,2,2027,1
PHLLU,RNWHYDPHLLU,HYDPHLLU,2,2028,1
PHLLU,RNWHYDPHLLU,HYDPHLLU,2,2029,1
PHLLU,RNWHYDPHLLU,HYDPHLLU,2,2030,1
PHLLU,RNWHYDPHLLU,HYDPHLLU,2,2031,1
PHLLU,RNWHYDPHLLU,HYDPHLLU,2,2032,1
PHLLU,RNWHYDPHLLU,HYDPHLLU,2,2033,1
PHLLU,RNWHYDPHLLU,HYDPHLLU,2,2034,1
PHLLU,RNWHYDPHLLU,HYDPHLLU,2,2035,1
PHLLU,RNWHYDPHLLU,HYDPHLLU,2,2036,1
PHLLU,RNWHYDPHLLU,HYDPHLLU,2,2037,1
PHLLU,RNWHYDPHLLU,HYDPHLLU,2,2038,1
PHLLU,RNWHYDPHLLU,HYDPHLLU,2,2039,1
PHLLU,RNWHYDPHLLU,HYDPHLLU,2,2040,1
PHLLU,RNWHYDPHLLU,HYDPHLLU,2,2041,1
PHLLU,RNWHYDPHLLU,HYDPHLLU,2,2042,1
PHLLU,RNWHYDPHLLU,HYDPHLLU,2,2043,1
PHLLU,RNWHYDPHLLU,HYDPHLLU,2,2044,1
PHLLU,RNWHYDPHLLU,HYDPHLLU,2,2045,1
PHLLU,RNWHYDPHLLU,HYDPHLLU,2,2046,1
PHLLU,RNWHYDPHLLU,HYDPHLLU,2,2047,1
PHLLU,RNWHYDPHLLU,HYDPHLLU,2,2048,1
PHLLU,RNWHYDPHLLU,HYDPHLLU,2,2049,1
PHLLU,RNWHYDPHLLU,HYDPHLLU,2,2050,1
PHLLU,MINOILPHLLU,OIL,2,2020,1
PHLLU,MINOILPHLLU,OIL,2,2021,1
PHLLU,MINOILPHLLU,OIL,2,2022,1
PHLLU,MINOILPHLLU,OIL,2,2023,1
PHLLU,MINOILPHLLU,OIL,2,2024,1
PHLLU,MINOILPHLLU,OIL,2,2025,1
PHLLU,MINOILPHLLU,OIL,2,2026,1
PHLLU,MINOILPHLLU,OIL,2,2027,1
PHLLU,MINOILPHLLU,OIL,2,2028,1
PHLLU,MINOILPHLLU,OIL,2,2029,1
PHLLU,MINOILPHLLU,OIL,2,2030,1
PHLLU,MINOILPHLLU,OIL,2,2031,1
PHLLU,MINOILPHLLU,OIL,2,2032,1
PHLLU,MINOILPHLLU,OIL,2,2033,1
PHLLU,MINOILPHLLU,OIL,2,2034,1
PHLLU,MINOILPHLLU,OIL,2,2035,1
PHLLU,MINOILPHLLU,OIL,2,2036,1
PHLLU,MINOILPHLLU,OIL,2,2037,1
PHLLU,MINOILPHLLU,OIL,2,2038,1
PHLLU,MINOILPHLLU,OIL,2,2039,1
PHLLU,MINOILPHLLU,OIL,2,2040,1
PHLLU,MINOILPHLLU,OIL,2,2041,1
PHLLU,MINOILPHLLU,OIL,2,2042,1
PHLLU,MINOILPHLLU,OIL,2,2043,1
PHLLU,MINOILPHLLU,OIL,2,2044,1
PHLLU,MINOILPHLLU,OIL,2,2045,1
PHLLU,MINOILPHLLU,OIL,2,2046,1
PHLLU,MINOILPHLLU,OIL,2,2047,1
PHLLU,MINOILPHLLU,OIL,2,2048,1
PHLLU,MINOILPHLLU,OIL,2,2049,1
PHLLU,MINOILPHLLU,OIL,2,2050,1
PHLLU,RNWSPVPHLLU,SPVPHLLU,2,2020,1
PHLLU,RNWSPVPHLLU,SPVPHLLU,2,2021,1
PHLLU,RNWSPVPHLLU,SPVPHLLU,2,2022,1
PHLLU,RNWSPVPHLLU,SPVPHLLU,2,2023,1
PHLLU,RNWSPVPHLLU,SPVPHLLU,2,2024,1
PHLLU,RNWSPVPHLLU,SPVPHLLU,2,2025,1
PHLLU,RNWSPVPHLLU,SPVPHLLU,2,2026,1
PHLLU,RNWSPVPHLLU,SPVPHLLU,2,2027,1
PHLLU,RNWSPVPHLLU,SPVPHLLU,2,2028,1
PHLLU,RNWSPVPHLLU,SPVPHLLU,2,2029,1
PHLLU,RNWSPVPHLLU,SPVPHLLU,2,2030,1
PHLLU,RNWSPVPHLLU,SPVPHLLU,2,2031,1
PHLLU,RNWSPVPHLLU,SPVPHLLU,2,2032,1
PHLLU,RNWSPVPHLLU,SPVPHLLU,2,2033,1
PHLLU,RNWSPVPHLLU,SPVPHLLU,2,2034,1
PHLLU,RNWSPVPHLLU,SPVPHLLU,2,2035,1
PHLLU,RNWSPVPHLLU,SPVPHLLU,2,2036,1
PHLLU,RNWSPVPHLLU,SPVPHLLU,2,2037,1
PHLLU,RNWSPVPHLLU,SPVPHLLU,2,2038,1
PHLLU,RNWSPVPHLLU,SPVPHLLU,2,2039,1
PHLLU,RNWSPVPHLLU,SPVPHLLU,2,2040,1
PHLLU,RNWSPVPHLLU,SPVPHLLU,2,2041,1
PHLLU,RNWSPVPHLLU,SPVPHLLU,2,2042,1
PHLLU,RNWSPVPHLLU,SPVPHLLU,2,2043,1
PHLLU,RNWSPVPHLLU,SPVPHLLU,2,2044,1
PHLLU,RNWSPVPHLLU,SPVPHLLU,2,2045,1
PHLLU,RNWSPVPHLLU,SPVPHLLU,2,2046,1
PHLLU,RNWSPVPHLLU,SPVPHLLU,2,2047,1
PHLLU,RNWSPVPHLLU,SPVPHLLU,2,2048,1
PHLLU,RNWSPVPHLLU,SPVPHLLU,2,2049,1
PHLLU,RNWSPVPHLLU,SPVPHLLU,2,2050,1
