REGION,TIMESLICE,TECHNOLOGY,FUEL,YEAR,VALUE
R1,S1D1,TRANSMISSION,ELC_02,2020,2162.622
R1,S1D1,TRANSMISSION,ELC_02,2021,2208.2376
R1,S1D1,TRANSMISSION,ELC_02,2022,2253.8412
R1,S1D1,TRANSMISSION,ELC_02,2023,2299.4568
R1,S1D1,TRANSMISSION,ELC_02,2024,2345.0604
R1,S1D1,TRANSMISSION,ELC_02,2025,2390.676
R1,S1D1,TRANSMISSION,ELC_02,2026,2436.2915
R1,S1D1,TRANSMISSION,ELC_02,2027,2481.8952
R1,S1D1,TRANSMISSION,ELC_02,2028,2527.5108
R1,S1D1,TRANSMISSION,ELC_02,2029,2573.1144
R1,S1D1,TRANSMISSION,ELC_02,2030,2618.73
R1,S1D1,TRANSMISSION,ELC_02,2031,2664.3455
R1,S1D1,TRANSMISSION,ELC_02,2032,2709.9492
R1,S1D1,TRANSMISSION,ELC_02,2033,2755.5647
R1,S1D1,TRANSMISSION,ELC_02,2034,2801.1684
R1,S1D1,TRANSMISSION,ELC_02,2035,2846.7839
R1,S1D1,TRANSMISSION,ELC_02,2036,2892.3995
R1,S1D1,TRANSMISSION,ELC_02,2037,2938.0031
R1,S1D1,TRANSMISSION,ELC_02,2038,2983.6187
R1,S1D1,TRANSMISSION,ELC_02,2039,3029.2224
R1,S1D1,TRANSMISSION,ELC_02,2040,3074.8379
R1,S1D1,TRANSMISSION,ELC_02,2041,3120.4535
R1,S1D1,TRANSMISSION,ELC_02,2042,3166.0571
R1,S1D1,TRANSMISSION,ELC_02,2043,3211.6727
R1,S1D1,TRANSMISSION,ELC_02,2044,3257.2763
R1,S1D1,TRANSMISSION,ELC_02,2045,3302.8919
R1,S1D1,TRANSMISSION,ELC_02,2046,3348.5075
R1,S1D1,TRANSMISSION,ELC_02,2047,3394.1111
R1,S1D1,TRANSMISSION,ELC_02,2048,3439.7267
R1,S1D1,TRANSMISSION,ELC_02,2049,3485.3303
R1,S1D1,TRANSMISSION,ELC_02,2050,3530.9459
R1,S1D1,TRANSMISSION,ELC_02,2051,3576.5615
R1,S1D1,TRANSMISSION,ELC_02,2052,3622.1651
R1,S1D1,TRANSMISSION,ELC_02,2053,3667.7807
R1,S1D1,TRANSMISSION,ELC_02,2054,3713.3843
R1,S1D1,TRANSMISSION,ELC_02,2055,3758.9999
R1,S1D1,TRANSMISSION,ELC_02,2056,3804.6154
R1,S1D1,TRANSMISSION,ELC_02,2057,3850.2191
R1,S1D1,TRANSMISSION,ELC_02,2058,3895.8346
R1,S1D1,TRANSMISSION,ELC_02,2059,3941.4383
R1,S1D1,TRANSMISSION,ELC_02,2060,3987.0538
R1,S1D1,TRANSMISSION,ELC_02,2061,4032.6694
R1,S1D1,TRANSMISSION,ELC_02,2062,4078.273
R1,S1D1,TRANSMISSION,ELC_02,2063,4123.8886
R1,S1D1,TRANSMISSION,ELC_02,2064,4169.4923
R1,S1D1,TRANSMISSION,ELC_02,2065,4215.1078
R1,S1D1,TRANSMISSION,ELC_02,2066,4260.7234
R1,S1D1,TRANSMISSION,ELC_02,2067,4306.327
R1,S1D1,TRANSMISSION,ELC_02,2068,4351.9426
R1,S1D1,TRANSMISSION,ELC_02,2069,4397.5462
R1,S1D1,TRANSMISSION,ELC_02,2070,4443.1618
R1,S1D1,MINE_WATER,WATER,2020,5097.8808
R1,S1D1,MINE_WATER,WATER,2021,5205.4089
R1,S1D1,MINE_WATER,WATER,2022,5312.909
R1,S1D1,MINE_WATER,WATER,2023,5420.4371
R1,S1D1,MINE_WATER,WATER,2024,4690.1208
R1,S1D1,MINE_WATER,WATER,2025,5635.4653
R1,S1D1,MINE_WATER,WATER,2026,5742.9934
R1,S1D1,MINE_WATER,WATER,2027,5850.4934
R1,S1D1,MINE_WATER,WATER,2028,5055.0215
R1,S1D1,MINE_WATER,WATER,2029,5146.2288
R1,S1D1,MINE_WATER,WATER,2030,6173.0497
R1,S1D1,MINE_WATER,WATER,2031,5328.6911
R1,S1D1,MINE_WATER,WATER,2032,6388.0779
R1,S1D1,MINE_WATER,WATER,2033,6495.6061
R1,S1D1,MINE_WATER,WATER,2034,6603.1061
R1,S1D1,MINE_WATER,WATER,2035,6710.6342
R1,S1D1,MINE_WATER,WATER,2036,5784.799
R1,S1D1,MINE_WATER,WATER,2037,6925.6624
R1,S1D1,MINE_WATER,WATER,2038,7033.1905
R1,S1D1,MINE_WATER,WATER,2039,7140.6905
R1,S1D1,MINE_WATER,WATER,2040,6149.6758
R1,S1D1,MINE_WATER,WATER,2041,7355.7468
R1,S1D1,MINE_WATER,WATER,2042,6332.1142
R1,S1D1,MINE_WATER,WATER,2043,7570.775
R1,S1D1,MINE_WATER,WATER,2044,7678.275
R1,S1D1,MINE_WATER,WATER,2045,6605.7838
R1,S1D1,MINE_WATER,WATER,2046,7893.3313
R1,S1D1,MINE_WATER,WATER,2047,8000.8313
R1,S1D1,MINE_WATER,WATER,2048,8108.3595
R1,S1D1,MINE_WATER,WATER,2049,6970.6606
R1,S1D1,MINE_WATER,WATER,2050,8323.3876
R1,S1D1,MINE_WATER,WATER,2051,8430.9158
R1,S1D1,MINE_WATER,WATER,2052,8538.4158
R1,S1D1,MINE_WATER,WATER,2053,8645.9439
R1,S1D1,MINE_WATER,WATER,2054,8753.444
R1,S1D1,MINE_WATER,WATER,2055,8860.9721
R1,S1D1,MINE_WATER,WATER,2056,7609.2309
R1,S1D1,MINE_WATER,WATER,2057,7700.4381
R1,S1D1,MINE_WATER,WATER,2058,9183.5284
R1,S1D1,MINE_WATER,WATER,2059,9291.0284
R1,S1D1,MINE_WATER,WATER,2060,9398.5566
R1,S1D1,MINE_WATER,WATER,2061,9506.0847
R1,S1D1,MINE_WATER,WATER,2062,9613.5847
R1,S1D1,MINE_WATER,WATER,2063,9721.1129
R1,S1D1,MINE_WATER,WATER,2064,9828.6129
R1,S1D1,MINE_WATER,WATER,2065,9936.141
R1,S1D1,MINE_WATER,WATER,2066,10043.669
R1,S1D1,MINE_WATER,WATER,2067,10151.169
R1,S1D1,MINE_WATER,WATER,2068,10258.697
R1,S1D1,MINE_WATER,WATER,2069,10366.197
R1,S1D1,MINE_WATER,WATER,2070,10473.726
R1,S1D1,HYDRO,ELC_01,2020,2548.9404
R1,S1D1,HYDRO,ELC_01,2021,2602.7045
R1,S1D1,HYDRO,ELC_01,2022,2656.4545
R1,S1D1,HYDRO,ELC_01,2023,2710.2186
R1,S1D1,HYDRO,ELC_01,2024,2345.0604
R1,S1D1,HYDRO,ELC_01,2025,2817.7326
R1,S1D1,HYDRO,ELC_01,2026,2871.4967
R1,S1D1,HYDRO,ELC_01,2027,2925.2467
R1,S1D1,HYDRO,ELC_01,2028,2527.5108
R1,S1D1,HYDRO,ELC_01,2029,2573.1144
R1,S1D1,HYDRO,ELC_01,2030,3086.5249
R1,S1D1,HYDRO,ELC_01,2031,2664.3455
R1,S1D1,HYDRO,ELC_01,2032,3194.039
R1,S1D1,HYDRO,ELC_01,2033,3247.803
R1,S1D1,HYDRO,ELC_01,2034,3301.553
R1,S1D1,HYDRO,ELC_01,2035,3355.3171
R1,S1D1,HYDRO,ELC_01,2036,2892.3995
R1,S1D1,HYDRO,ELC_01,2037,3462.8312
R1,S1D1,HYDRO,ELC_01,2038,3516.5953
R1,S1D1,HYDRO,ELC_01,2039,3570.3453
R1,S1D1,HYDRO,ELC_01,2040,3074.8379
R1,S1D1,HYDRO,ELC_01,2041,3677.8734
R1,S1D1,HYDRO,ELC_01,2042,3166.0571
R1,S1D1,HYDRO,ELC_01,2043,3785.3875
R1,S1D1,HYDRO,ELC_01,2044,3839.1375
R1,S1D1,HYDRO,ELC_01,2045,3302.8919
R1,S1D1,HYDRO,ELC_01,2046,3946.6657
R1,S1D1,HYDRO,ELC_01,2047,4000.4157
R1,S1D1,HYDRO,ELC_01,2048,4054.1797
R1,S1D1,HYDRO,ELC_01,2049,3485.3303
R1,S1D1,HYDRO,ELC_01,2050,4161.6938
R1,S1D1,HYDRO,ELC_01,2051,4215.4579
R1,S1D1,HYDRO,ELC_01,2052,4269.2079
R1,S1D1,HYDRO,ELC_01,2053,4322.972
R1,S1D1,HYDRO,ELC_01,2054,4376.722
R1,S1D1,HYDRO,ELC_01,2055,4430.4861
R1,S1D1,HYDRO,ELC_01,2056,3804.6154
R1,S1D1,HYDRO,ELC_01,2057,3850.2191
R1,S1D1,HYDRO,ELC_01,2058,4591.7642
R1,S1D1,HYDRO,ELC_01,2059,4645.5142
R1,S1D1,HYDRO,ELC_01,2060,4699.2783
R1,S1D1,HYDRO,ELC_01,2061,4753.0424
R1,S1D1,HYDRO,ELC_01,2062,4806.7924
R1,S1D1,HYDRO,ELC_01,2063,4860.5564
R1,S1D1,HYDRO,ELC_01,2064,4914.3065
R1,S1D1,HYDRO,ELC_01,2065,4968.0705
R1,S1D1,HYDRO,ELC_01,2066,5021.8346
R1,S1D1,HYDRO,ELC_01,2067,5075.5846
R1,S1D1,HYDRO,ELC_01,2068,5129.3487
R1,S1D1,HYDRO,ELC_01,2069,5183.0987
R1,S1D1,HYDRO,ELC_01,2070,5236.8628
R1,S1D2,TRANSMISSION,ELC_02,2020,2094.672
R1,S1D2,TRANSMISSION,ELC_02,2021,2138.8543
R1,S1D2,TRANSMISSION,ELC_02,2022,2183.0251
R1,S1D2,TRANSMISSION,ELC_02,2023,2227.2074
R1,S1D2,TRANSMISSION,ELC_02,2024,2271.3782
R1,S1D2,TRANSMISSION,ELC_02,2025,2315.5605
R1,S1D2,TRANSMISSION,ELC_02,2026,2359.7428
R1,S1D2,TRANSMISSION,ELC_02,2027,2403.9136
R1,S1D2,TRANSMISSION,ELC_02,2028,2448.0959
R1,S1D2,TRANSMISSION,ELC_02,2029,2492.2666
R1,S1D2,TRANSMISSION,ELC_02,2030,2536.449
R1,S1D2,TRANSMISSION,ELC_02,2031,2580.6313
R1,S1D2,TRANSMISSION,ELC_02,2032,2624.802
R1,S1D2,TRANSMISSION,ELC_02,2033,2668.9844
R1,S1D2,TRANSMISSION,ELC_02,2034,2713.1551
R1,S1D2,TRANSMISSION,ELC_02,2035,2757.3374
R1,S1D2,TRANSMISSION,ELC_02,2036,2801.5198
R1,S1D2,TRANSMISSION,ELC_02,2037,2845.6905
R1,S1D2,TRANSMISSION,ELC_02,2038,2889.8728
R1,S1D2,TRANSMISSION,ELC_02,2039,2934.0436
R1,S1D2,TRANSMISSION,ELC_02,2040,2978.2259
R1,S1D2,TRANSMISSION,ELC_02,2041,3022.4082
R1,S1D2,TRANSMISSION,ELC_02,2042,3066.579
R1,S1D2,TRANSMISSION,ELC_02,2043,3110.7613
R1,S1D2,TRANSMISSION,ELC_02,2044,3154.9321
R1,S1D2,TRANSMISSION,ELC_02,2045,3199.1144
R1,S1D2,TRANSMISSION,ELC_02,2046,3243.2967
R1,S1D2,TRANSMISSION,ELC_02,2047,3287.4675
R1,S1D2,TRANSMISSION,ELC_02,2048,3331.6498
R1,S1D2,TRANSMISSION,ELC_02,2049,3375.8206
R1,S1D2,TRANSMISSION,ELC_02,2050,3420.0029
R1,S1D2,TRANSMISSION,ELC_02,2051,3464.1852
R1,S1D2,TRANSMISSION,ELC_02,2052,3508.356
R1,S1D2,TRANSMISSION,ELC_02,2053,3552.5383
R1,S1D2,TRANSMISSION,ELC_02,2054,3596.709
R1,S1D2,TRANSMISSION,ELC_02,2055,3640.8914
R1,S1D2,TRANSMISSION,ELC_02,2056,3685.0737
R1,S1D2,TRANSMISSION,ELC_02,2057,3729.2444
R1,S1D2,TRANSMISSION,ELC_02,2058,3773.4268
R1,S1D2,TRANSMISSION,ELC_02,2059,3817.5975
R1,S1D2,TRANSMISSION,ELC_02,2060,3861.7798
R1,S1D2,TRANSMISSION,ELC_02,2061,3905.9622
R1,S1D2,TRANSMISSION,ELC_02,2062,3950.1329
R1,S1D2,TRANSMISSION,ELC_02,2063,3994.3152
R1,S1D2,TRANSMISSION,ELC_02,2064,4038.486
R1,S1D2,TRANSMISSION,ELC_02,2065,4082.6683
R1,S1D2,TRANSMISSION,ELC_02,2066,4126.8506
R1,S1D2,TRANSMISSION,ELC_02,2067,4171.0214
R1,S1D2,TRANSMISSION,ELC_02,2068,4215.2037
R1,S1D2,TRANSMISSION,ELC_02,2069,4259.3745
R1,S1D2,TRANSMISSION,ELC_02,2070,4303.5568
R1,S1D2,MINE_WATER,WATER,2020,4189.344
R1,S1D2,MINE_WATER,WATER,2021,4277.7086
R1,S1D2,MINE_WATER,WATER,2022,4366.0502
R1,S1D2,MINE_WATER,WATER,2023,4454.4148
R1,S1D2,MINE_WATER,WATER,2024,4542.7563
R1,S1D2,MINE_WATER,WATER,2025,4631.121
R1,S1D2,MINE_WATER,WATER,2026,4719.4856
R1,S1D2,MINE_WATER,WATER,2027,4807.8271
R1,S1D2,MINE_WATER,WATER,2028,4896.1918
R1,S1D2,MINE_WATER,WATER,2029,4984.5333
R1,S1D2,MINE_WATER,WATER,2030,5072.8979
R1,S1D2,MINE_WATER,WATER,2031,5161.2626
R1,S1D2,MINE_WATER,WATER,2032,5249.6041
R1,S1D2,MINE_WATER,WATER,2033,5337.9687
R1,S1D2,MINE_WATER,WATER,2034,5426.3102
R1,S1D2,MINE_WATER,WATER,2035,5514.6749
R1,S1D2,MINE_WATER,WATER,2036,5603.0395
R1,S1D2,MINE_WATER,WATER,2037,5691.381
R1,S1D2,MINE_WATER,WATER,2038,5779.7457
R1,S1D2,MINE_WATER,WATER,2039,5868.0872
R1,S1D2,MINE_WATER,WATER,2040,5956.4518
R1,S1D2,MINE_WATER,WATER,2041,6044.8165
R1,S1D2,MINE_WATER,WATER,2042,6133.158
R1,S1D2,MINE_WATER,WATER,2043,6221.5226
R1,S1D2,MINE_WATER,WATER,2044,6309.8642
R1,S1D2,MINE_WATER,WATER,2045,6398.2288
R1,S1D2,MINE_WATER,WATER,2046,6486.5934
R1,S1D2,MINE_WATER,WATER,2047,6574.935
R1,S1D2,MINE_WATER,WATER,2048,6663.2996
R1,S1D2,MINE_WATER,WATER,2049,6751.6411
R1,S1D2,MINE_WATER,WATER,2050,6840.0058
R1,S1D2,MINE_WATER,WATER,2051,6928.3704
R1,S1D2,MINE_WATER,WATER,2052,7016.7119
R1,S1D2,MINE_WATER,WATER,2053,7105.0766
R1,S1D2,MINE_WATER,WATER,2054,7193.4181
R1,S1D2,MINE_WATER,WATER,2055,7281.7827
R1,S1D2,MINE_WATER,WATER,2056,7370.1474
R1,S1D2,MINE_WATER,WATER,2057,7458.4889
R1,S1D2,MINE_WATER,WATER,2058,7546.8535
R1,S1D2,MINE_WATER,WATER,2059,7635.195
R1,S1D2,MINE_WATER,WATER,2060,7723.5597
R1,S1D2,MINE_WATER,WATER,2061,7811.9243
R1,S1D2,MINE_WATER,WATER,2062,7900.2658
R1,S1D2,MINE_WATER,WATER,2063,7988.6305
R1,S1D2,MINE_WATER,WATER,2064,8076.972
R1,S1D2,MINE_WATER,WATER,2065,8165.3366
R1,S1D2,MINE_WATER,WATER,2066,8253.7013
R1,S1D2,MINE_WATER,WATER,2067,8342.0428
R1,S1D2,MINE_WATER,WATER,2068,8430.4074
R1,S1D2,MINE_WATER,WATER,2069,8518.749
R1,S1D2,MINE_WATER,WATER,2070,8607.1136
R1,S1D2,HYDRO,ELC_01,2020,2094.672
R1,S1D2,HYDRO,ELC_01,2021,2138.8543
R1,S1D2,HYDRO,ELC_01,2022,2183.0251
R1,S1D2,HYDRO,ELC_01,2023,2227.2074
R1,S1D2,HYDRO,ELC_01,2024,2271.3782
R1,S1D2,HYDRO,ELC_01,2025,2315.5605
R1,S1D2,HYDRO,ELC_01,2026,2359.7428
R1,S1D2,HYDRO,ELC_01,2027,2403.9136
R1,S1D2,HYDRO,ELC_01,2028,2448.0959
R1,S1D2,HYDRO,ELC_01,2029,2492.2666
R1,S1D2,HYDRO,ELC_01,2030,2536.449
R1,S1D2,HYDRO,ELC_01,2031,2580.6313
R1,S1D2,HYDRO,ELC_01,2032,2624.802
R1,S1D2,HYDRO,ELC_01,2033,2668.9844
R1,S1D2,HYDRO,ELC_01,2034,2713.1551
R1,S1D2,HYDRO,ELC_01,2035,2757.3374
R1,S1D2,HYDRO,ELC_01,2036,2801.5198
R1,S1D2,HYDRO,ELC_01,2037,2845.6905
R1,S1D2,HYDRO,ELC_01,2038,2889.8728
R1,S1D2,HYDRO,ELC_01,2039,2934.0436
R1,S1D2,HYDRO,ELC_01,2040,2978.2259
R1,S1D2,HYDRO,ELC_01,2041,3022.4082
R1,S1D2,HYDRO,ELC_01,2042,3066.579
R1,S1D2,HYDRO,ELC_01,2043,3110.7613
R1,S1D2,HYDRO,ELC_01,2044,3154.9321
R1,S1D2,HYDRO,ELC_01,2045,3199.1144
R1,S1D2,HYDRO,ELC_01,2046,3243.2967
R1,S1D2,HYDRO,ELC_01,2047,3287.4675
R1,S1D2,HYDRO,ELC_01,2048,3331.6498
R1,S1D2,HYDRO,ELC_01,2049,3375.8206
R1,S1D2,HYDRO,ELC_01,2050,3420.0029
R1,S1D2,HYDRO,ELC_01,2051,3464.1852
R1,S1D2,HYDRO,ELC_01,2052,3508.356
R1,S1D2,HYDRO,ELC_01,2053,3552.5383
R1,S1D2,HYDRO,ELC_01,2054,3596.709
R1,S1D2,HYDRO,ELC_01,2055,3640.8914
R1,S1D2,HYDRO,ELC_01,2056,3685.0737
R1,S1D2,HYDRO,ELC_01,2057,3729.2444
R1,S1D2,HYDRO,ELC_01,2058,3773.4268
R1,S1D2,HYDRO,ELC_01,2059,3817.5975
R1,S1D2,HYDRO,ELC_01,2060,3861.7798
R1,S1D2,HYDRO,ELC_01,2061,3905.9622
R1,S1D2,HYDRO,ELC_01,2062,3950.1329
R1,S1D2,HYDRO,ELC_01,2063,3994.3152
R1,S1D2,HYDRO,ELC_01,2064,4038.486
R1,S1D2,HYDRO,ELC_01,2065,4082.6683
R1,S1D2,HYDRO,ELC_01,2066,4126.8506
R1,S1D2,HYDRO,ELC_01,2067,4171.0214
R1,S1D2,HYDRO,ELC_01,2068,4215.2037
R1,S1D2,HYDRO,ELC_01,2069,4259.3745
R1,S1D2,HYDRO,ELC_01,2070,4303.5568
R1,S2D1,TRANSMISSION,ELC_02,2020,2184.9096
R1,S2D1,TRANSMISSION,ELC_02,2021,2230.9953
R1,S2D1,TRANSMISSION,ELC_02,2022,2277.0689
R1,S2D1,TRANSMISSION,ELC_02,2023,2323.1546
R1,S2D1,TRANSMISSION,ELC_02,2024,2369.2282
R1,S2D1,TRANSMISSION,ELC_02,2025,2415.3139
R1,S2D1,TRANSMISSION,ELC_02,2026,2461.3995
R1,S2D1,TRANSMISSION,ELC_02,2027,2507.4732
R1,S2D1,TRANSMISSION,ELC_02,2028,2553.5588
R1,S2D1,TRANSMISSION,ELC_02,2029,2599.6325
R1,S2D1,TRANSMISSION,ELC_02,2030,2645.7181
R1,S2D1,TRANSMISSION,ELC_02,2031,2691.8038
R1,S2D1,TRANSMISSION,ELC_02,2032,2737.8774
R1,S2D1,TRANSMISSION,ELC_02,2033,2783.9631
R1,S2D1,TRANSMISSION,ELC_02,2034,2830.0367
R1,S2D1,TRANSMISSION,ELC_02,2035,2876.1224
R1,S2D1,TRANSMISSION,ELC_02,2036,2922.2081
R1,S2D1,TRANSMISSION,ELC_02,2037,2968.2817
R1,S2D1,TRANSMISSION,ELC_02,2038,3014.3674
R1,S2D1,TRANSMISSION,ELC_02,2039,3060.441
R1,S2D1,TRANSMISSION,ELC_02,2040,3106.5267
R1,S2D1,TRANSMISSION,ELC_02,2041,3152.6123
R1,S2D1,TRANSMISSION,ELC_02,2042,3198.686
R1,S2D1,TRANSMISSION,ELC_02,2043,3244.7716
R1,S2D1,TRANSMISSION,ELC_02,2044,3290.8452
R1,S2D1,TRANSMISSION,ELC_02,2045,3336.9309
R1,S2D1,TRANSMISSION,ELC_02,2046,3383.0166
R1,S2D1,TRANSMISSION,ELC_02,2047,3429.0902
R1,S2D1,TRANSMISSION,ELC_02,2048,3475.1759
R1,S2D1,TRANSMISSION,ELC_02,2049,3521.2495
R1,S2D1,TRANSMISSION,ELC_02,2050,3567.3352
R1,S2D1,TRANSMISSION,ELC_02,2051,3613.4209
R1,S2D1,TRANSMISSION,ELC_02,2052,3659.4945
R1,S2D1,TRANSMISSION,ELC_02,2053,3705.5802
R1,S2D1,TRANSMISSION,ELC_02,2054,3751.6538
R1,S2D1,TRANSMISSION,ELC_02,2055,3797.7394
R1,S2D1,TRANSMISSION,ELC_02,2056,3843.8251
R1,S2D1,TRANSMISSION,ELC_02,2057,3889.8987
R1,S2D1,TRANSMISSION,ELC_02,2058,3935.9844
R1,S2D1,TRANSMISSION,ELC_02,2059,3982.058
R1,S2D1,TRANSMISSION,ELC_02,2060,4028.1437
R1,S2D1,TRANSMISSION,ELC_02,2061,4074.2294
R1,S2D1,TRANSMISSION,ELC_02,2062,4120.303
R1,S2D1,TRANSMISSION,ELC_02,2063,4166.3887
R1,S2D1,TRANSMISSION,ELC_02,2064,4212.4623
R1,S2D1,TRANSMISSION,ELC_02,2065,4258.548
R1,S2D1,TRANSMISSION,ELC_02,2066,4304.6337
R1,S2D1,TRANSMISSION,ELC_02,2067,4350.7073
R1,S2D1,TRANSMISSION,ELC_02,2068,4396.7929
R1,S2D1,TRANSMISSION,ELC_02,2069,4442.8666
R1,S2D1,TRANSMISSION,ELC_02,2070,4488.9522
R1,S2D1,MINE_WATER,WATER,2020,4369.8192
R1,S2D1,MINE_WATER,WATER,2021,4461.9906
R1,S2D1,MINE_WATER,WATER,2022,4554.1378
R1,S2D1,MINE_WATER,WATER,2023,4646.3091
R1,S2D1,MINE_WATER,WATER,2024,4738.4564
R1,S2D1,MINE_WATER,WATER,2025,4830.6277
R1,S2D1,MINE_WATER,WATER,2026,4922.7991
R1,S2D1,MINE_WATER,WATER,2027,5014.9463
R1,S2D1,MINE_WATER,WATER,2028,5107.1177
R1,S2D1,MINE_WATER,WATER,2029,5199.2649
R1,S2D1,MINE_WATER,WATER,2030,5291.4363
R1,S2D1,MINE_WATER,WATER,2031,5383.6076
R1,S2D1,MINE_WATER,WATER,2032,5475.7548
R1,S2D1,MINE_WATER,WATER,2033,5567.9262
R1,S2D1,MINE_WATER,WATER,2034,5660.0734
R1,S2D1,MINE_WATER,WATER,2035,5752.2448
R1,S2D1,MINE_WATER,WATER,2036,5844.4161
R1,S2D1,MINE_WATER,WATER,2037,5936.5634
R1,S2D1,MINE_WATER,WATER,2038,6028.7347
R1,S2D1,MINE_WATER,WATER,2039,6120.882
R1,S2D1,MINE_WATER,WATER,2040,6213.0533
R1,S2D1,MINE_WATER,WATER,2041,6305.2247
R1,S2D1,MINE_WATER,WATER,2042,6397.3719
R1,S2D1,MINE_WATER,WATER,2043,6489.5433
R1,S2D1,MINE_WATER,WATER,2044,6581.6905
R1,S2D1,MINE_WATER,WATER,2045,6673.8618
R1,S2D1,MINE_WATER,WATER,2046,6766.0332
R1,S2D1,MINE_WATER,WATER,2047,6858.1804
R1,S2D1,MINE_WATER,WATER,2048,6950.3518
R1,S2D1,MINE_WATER,WATER,2049,7042.499
R1,S2D1,MINE_WATER,WATER,2050,7134.6704
R1,S2D1,MINE_WATER,WATER,2051,7226.8417
R1,S2D1,MINE_WATER,WATER,2052,7318.989
R1,S2D1,MINE_WATER,WATER,2053,7411.1603
R1,S2D1,MINE_WATER,WATER,2054,7503.3075
R1,S2D1,MINE_WATER,WATER,2055,7595.4789
R1,S2D1,MINE_WATER,WATER,2056,7687.6502
R1,S2D1,MINE_WATER,WATER,2057,7779.7975
R1,S2D1,MINE_WATER,WATER,2058,7871.9688
R1,S2D1,MINE_WATER,WATER,2059,7964.1161
R1,S2D1,MINE_WATER,WATER,2060,8056.2874
R1,S2D1,MINE_WATER,WATER,2061,8148.4588
R1,S2D1,MINE_WATER,WATER,2062,8240.606
R1,S2D1,MINE_WATER,WATER,2063,8332.7774
R1,S2D1,MINE_WATER,WATER,2064,8424.9246
R1,S2D1,MINE_WATER,WATER,2065,8517.096
R1,S2D1,MINE_WATER,WATER,2066,8609.2673
R1,S2D1,MINE_WATER,WATER,2067,8701.4145
R1,S2D1,MINE_WATER,WATER,2068,8793.5859
R1,S2D1,MINE_WATER,WATER,2069,8885.7331
R1,S2D1,MINE_WATER,WATER,2070,8977.9045
R1,S2D1,HYDRO,ELC_01,2020,2184.9096
R1,S2D1,HYDRO,ELC_01,2021,2230.9953
R1,S2D1,HYDRO,ELC_01,2022,2277.0689
R1,S2D1,HYDRO,ELC_01,2023,2323.1546
R1,S2D1,HYDRO,ELC_01,2024,2369.2282
R1,S2D1,HYDRO,ELC_01,2025,2415.3139
R1,S2D1,HYDRO,ELC_01,2026,2461.3995
R1,S2D1,HYDRO,ELC_01,2027,2507.4732
R1,S2D1,HYDRO,ELC_01,2028,2553.5588
R1,S2D1,HYDRO,ELC_01,2029,2599.6325
R1,S2D1,HYDRO,ELC_01,2030,2645.7181
R1,S2D1,HYDRO,ELC_01,2031,2691.8038
R1,S2D1,HYDRO,ELC_01,2032,2737.8774
R1,S2D1,HYDRO,ELC_01,2033,2783.9631
R1,S2D1,HYDRO,ELC_01,2034,2830.0367
R1,S2D1,HYDRO,ELC_01,2035,2876.1224
R1,S2D1,HYDRO,ELC_01,2036,2922.2081
R1,S2D1,HYDRO,ELC_01,2037,2968.2817
R1,S2D1,HYDRO,ELC_01,2038,3014.3674
R1,S2D1,HYDRO,ELC_01,2039,3060.441
R1,S2D1,HYDRO,ELC_01,2040,3106.5267
R1,S2D1,HYDRO,ELC_01,2041,3152.6123
R1,S2D1,HYDRO,ELC_01,2042,3198.686
R1,S2D1,HYDRO,ELC_01,2043,3244.7716
R1,S2D1,HYDRO,ELC_01,2044,3290.8452
R1,S2D1,HYDRO,ELC_01,2045,3336.9309
R1,S2D1,HYDRO,ELC_01,2046,3383.0166
R1,S2D1,HYDRO,ELC_01,2047,3429.0902
R1,S2D1,HYDRO,ELC_01,2048,3475.1759
R1,S2D1,HYDRO,ELC_01,2049,3521.2495
R1,S2D1,HYDRO,ELC_01,2050,3567.3352
R1,S2D1,HYDRO,ELC_01,2051,3613.4209
R1,S2D1,HYDRO,ELC_01,2052,3659.4945
R1,S2D1,HYDRO,ELC_01,2053,3705.5802
R1,S2D1,HYDRO,ELC_01,2054,3751.6538
R1,S2D1,HYDRO,ELC_01,2055,3797.7394
R1,S2D1,HYDRO,ELC_01,2056,3843.8251
R1,S2D1,HYDRO,ELC_01,2057,3889.8987
R1,S2D1,HYDRO,ELC_01,2058,3935.9844
R1,S2D1,HYDRO,ELC_01,2059,3982.058
R1,S2D1,HYDRO,ELC_01,2060,4028.1437
R1,S2D1,HYDRO,ELC_01,2061,4074.2294
R1,S2D1,HYDRO,ELC_01,2062,4120.303
R1,S2D1,HYDRO,ELC_01,2063,4166.3887
R1,S2D1,HYDRO,ELC_01,2064,4212.4623
R1,S2D1,HYDRO,ELC_01,2065,4258.548
R1,S2D1,HYDRO,ELC_01,2066,4304.6337
R1,S2D1,HYDRO,ELC_01,2067,4350.7073
R1,S2D1,HYDRO,ELC_01,2068,4396.7929
R1,S2D1,HYDRO,ELC_01,2069,4442.8666
R1,S2D1,HYDRO,ELC_01,2070,4488.9522
R1,S2D2,TRANSMISSION,ELC_02,2020,2135.0796
R1,S2D2,TRANSMISSION,ELC_02,2021,2180.1142
R1,S2D2,TRANSMISSION,ELC_02,2022,2225.1371
R1,S2D2,TRANSMISSION,ELC_02,2023,2270.1717
R1,S2D2,TRANSMISSION,ELC_02,2024,2315.1945
R1,S2D2,TRANSMISSION,ELC_02,2025,2360.2292
R1,S2D2,TRANSMISSION,ELC_02,2026,2405.2638
R1,S2D2,TRANSMISSION,ELC_02,2027,2450.2866
R1,S2D2,TRANSMISSION,ELC_02,2028,2495.3213
R1,S2D2,TRANSMISSION,ELC_02,2029,2540.3441
R1,S2D2,TRANSMISSION,ELC_02,2030,2585.3787
R1,S2D2,TRANSMISSION,ELC_02,2031,2630.4134
R1,S2D2,TRANSMISSION,ELC_02,2032,2675.4362
R1,S2D2,TRANSMISSION,ELC_02,2033,2720.4708
R1,S2D2,TRANSMISSION,ELC_02,2034,2765.4937
R1,S2D2,TRANSMISSION,ELC_02,2035,2810.5283
R1,S2D2,TRANSMISSION,ELC_02,2036,2855.5629
R1,S2D2,TRANSMISSION,ELC_02,2037,2900.5858
R1,S2D2,TRANSMISSION,ELC_02,2038,2945.6204
R1,S2D2,TRANSMISSION,ELC_02,2039,2990.6432
R1,S2D2,TRANSMISSION,ELC_02,2040,3035.6779
R1,S2D2,TRANSMISSION,ELC_02,2041,3080.7125
R1,S2D2,TRANSMISSION,ELC_02,2042,3125.7353
R1,S2D2,TRANSMISSION,ELC_02,2043,3170.77
R1,S2D2,TRANSMISSION,ELC_02,2044,3215.7928
R1,S2D2,TRANSMISSION,ELC_02,2045,3260.8274
R1,S2D2,TRANSMISSION,ELC_02,2046,3305.862
R1,S2D2,TRANSMISSION,ELC_02,2047,3350.8849
R1,S2D2,TRANSMISSION,ELC_02,2048,3395.9195
R1,S2D2,TRANSMISSION,ELC_02,2049,3440.9424
R1,S2D2,TRANSMISSION,ELC_02,2050,3485.977
R1,S2D2,TRANSMISSION,ELC_02,2051,3531.0116
R1,S2D2,TRANSMISSION,ELC_02,2052,3576.0345
R1,S2D2,TRANSMISSION,ELC_02,2053,3621.0691
R1,S2D2,TRANSMISSION,ELC_02,2054,3666.0919
R1,S2D2,TRANSMISSION,ELC_02,2055,3711.1265
R1,S2D2,TRANSMISSION,ELC_02,2056,3756.1612
R1,S2D2,TRANSMISSION,ELC_02,2057,3801.184
R1,S2D2,TRANSMISSION,ELC_02,2058,3846.2186
R1,S2D2,TRANSMISSION,ELC_02,2059,3891.2415
R1,S2D2,TRANSMISSION,ELC_02,2060,3936.2761
R1,S2D2,TRANSMISSION,ELC_02,2061,3981.3107
R1,S2D2,TRANSMISSION,ELC_02,2062,4026.3336
R1,S2D2,TRANSMISSION,ELC_02,2063,4071.3682
R1,S2D2,TRANSMISSION,ELC_02,2064,4116.3911
R1,S2D2,TRANSMISSION,ELC_02,2065,4161.4257
R1,S2D2,TRANSMISSION,ELC_02,2066,4206.4603
R1,S2D2,TRANSMISSION,ELC_02,2067,4251.4831
R1,S2D2,TRANSMISSION,ELC_02,2068,4296.5178
R1,S2D2,TRANSMISSION,ELC_02,2069,4341.5406
R1,S2D2,TRANSMISSION,ELC_02,2070,4386.5752
R1,S2D2,MINE_WATER,WATER,2020,4270.1592
R1,S2D2,MINE_WATER,WATER,2021,4360.2285
R1,S2D2,MINE_WATER,WATER,2022,4450.2741
R1,S2D2,MINE_WATER,WATER,2023,4540.3434
R1,S2D2,MINE_WATER,WATER,2024,4630.3891
R1,S2D2,MINE_WATER,WATER,2025,4720.4583
R1,S2D2,MINE_WATER,WATER,2026,4810.5276
R1,S2D2,MINE_WATER,WATER,2027,4900.5733
R1,S2D2,MINE_WATER,WATER,2028,4990.6425
R1,S2D2,MINE_WATER,WATER,2029,5080.6882
R1,S2D2,MINE_WATER,WATER,2030,5170.7575
R1,S2D2,MINE_WATER,WATER,2031,5260.8267
R1,S2D2,MINE_WATER,WATER,2032,5350.8724
R1,S2D2,MINE_WATER,WATER,2033,5440.9416
R1,S2D2,MINE_WATER,WATER,2034,5530.9873
R1,S2D2,MINE_WATER,WATER,2035,5621.0566
R1,S2D2,MINE_WATER,WATER,2036,5711.1258
R1,S2D2,MINE_WATER,WATER,2037,5801.1715
R1,S2D2,MINE_WATER,WATER,2038,5891.2408
R1,S2D2,MINE_WATER,WATER,2039,5981.2865
R1,S2D2,MINE_WATER,WATER,2040,6071.3557
R1,S2D2,MINE_WATER,WATER,2041,6161.425
R1,S2D2,MINE_WATER,WATER,2042,6251.4707
R1,S2D2,MINE_WATER,WATER,2043,6341.5399
R1,S2D2,MINE_WATER,WATER,2044,6431.5856
R1,S2D2,MINE_WATER,WATER,2045,6521.6548
R1,S2D2,MINE_WATER,WATER,2046,6611.7241
R1,S2D2,MINE_WATER,WATER,2047,6701.7698
R1,S2D2,MINE_WATER,WATER,2048,6791.839
R1,S2D2,MINE_WATER,WATER,2049,6881.8847
R1,S2D2,MINE_WATER,WATER,2050,6971.954
R1,S2D2,MINE_WATER,WATER,2051,7062.0232
R1,S2D2,MINE_WATER,WATER,2052,7152.0689
R1,S2D2,MINE_WATER,WATER,2053,7242.1382
R1,S2D2,MINE_WATER,WATER,2054,7332.1838
R1,S2D2,MINE_WATER,WATER,2055,7422.2531
R1,S2D2,MINE_WATER,WATER,2056,7512.3223
R1,S2D2,MINE_WATER,WATER,2057,7602.368
R1,S2D2,MINE_WATER,WATER,2058,7692.4373
R1,S2D2,MINE_WATER,WATER,2059,7782.483
R1,S2D2,MINE_WATER,WATER,2060,7872.5522
R1,S2D2,MINE_WATER,WATER,2061,7962.6215
R1,S2D2,MINE_WATER,WATER,2062,8052.6672
R1,S2D2,MINE_WATER,WATER,2063,8142.7364
R1,S2D2,MINE_WATER,WATER,2064,8232.7821
R1,S2D2,MINE_WATER,WATER,2065,8322.8514
R1,S2D2,MINE_WATER,WATER,2066,8412.9206
R1,S2D2,MINE_WATER,WATER,2067,8502.9663
R1,S2D2,MINE_WATER,WATER,2068,8593.0355
R1,S2D2,MINE_WATER,WATER,2069,8683.0812
R1,S2D2,MINE_WATER,WATER,2070,8773.1505
R1,S2D2,HYDRO,ELC_01,2020,2135.0796
R1,S2D2,HYDRO,ELC_01,2021,2180.1142
R1,S2D2,HYDRO,ELC_01,2022,2225.1371
R1,S2D2,HYDRO,ELC_01,2023,2270.1717
R1,S2D2,HYDRO,ELC_01,2024,2315.1945
R1,S2D2,HYDRO,ELC_01,2025,2360.2292
R1,S2D2,HYDRO,ELC_01,2026,2405.2638
R1,S2D2,HYDRO,ELC_01,2027,2450.2866
R1,S2D2,HYDRO,ELC_01,2028,2495.3213
R1,S2D2,HYDRO,ELC_01,2029,2540.3441
R1,S2D2,HYDRO,ELC_01,2030,2585.3787
R1,S2D2,HYDRO,ELC_01,2031,2630.4134
R1,S2D2,HYDRO,ELC_01,2032,2675.4362
R1,S2D2,HYDRO,ELC_01,2033,2720.4708
R1,S2D2,HYDRO,ELC_01,2034,2765.4937
R1,S2D2,HYDRO,ELC_01,2035,2810.5283
R1,S2D2,HYDRO,ELC_01,2036,2855.5629
R1,S2D2,HYDRO,ELC_01,2037,2900.5858
R1,S2D2,HYDRO,ELC_01,2038,2945.6204
R1,S2D2,HYDRO,ELC_01,2039,2990.6432
R1,S2D2,HYDRO,ELC_01,2040,3035.6779
R1,S2D2,HYDRO,ELC_01,2041,3080.7125
R1,S2D2,HYDRO,ELC_01,2042,3125.7353
R1,S2D2,HYDRO,ELC_01,2043,3170.77
R1,S2D2,HYDRO,ELC_01,2044,3215.7928
R1,S2D2,HYDRO,ELC_01,2045,3260.8274
R1,S2D2,HYDRO,ELC_01,2046,3305.862
R1,S2D2,HYDRO,ELC_01,2047,3350.8849
R1,S2D2,HYDRO,ELC_01,2048,3395.9195
R1,S2D2,HYDRO,ELC_01,2049,3440.9424
R1,S2D2,HYDRO,ELC_01,2050,3485.977
R1,S2D2,HYDRO,ELC_01,2051,3531.0116
R1,S2D2,HYDRO,ELC_01,2052,3576.0345
R1,S2D2,HYDRO,ELC_01,2053,3621.0691
R1,S2D2,HYDRO,ELC_01,2054,3666.0919
R1,S2D2,HYDRO,ELC_01,2055,3711.1265
R1,S2D2,HYDRO,ELC_01,2056,3756.1612
R1,S2D2,HYDRO,ELC_01,2057,3801.184
R1,S2D2,HYDRO,ELC_01,2058,3846.2186
R1,S2D2,HYDRO,ELC_01,2059,3891.2415
R1,S2D2,HYDRO,ELC_01,2060,3936.2761
R1,S2D2,HYDRO,ELC_01,2061,3981.3107
R1,S2D2,HYDRO,ELC_01,2062,4026.3336
R1,S2D2,HYDRO,ELC_01,2063,4071.3682
R1,S2D2,HYDRO,ELC_01,2064,4116.3911
R1,S2D2,HYDRO,ELC_01,2065,4161.4257
R1,S2D2,HYDRO,ELC_01,2066,4206.4603
R1,S2D2,HYDRO,ELC_01,2067,4251.4831
R1,S2D2,HYDRO,ELC_01,2068,4296.5178
R1,S2D2,HYDRO,ELC_01,2069,4341.5406
R1,S2D2,HYDRO,ELC_01,2070,4386.5752
R1,S3D1,TRANSMISSION,ELC_02,2020,2548.9404
R1,S3D1,TRANSMISSION,ELC_02,2021,2602.7045
R1,S3D1,TRANSMISSION,ELC_02,2022,2656.4545
R1,S3D1,TRANSMISSION,ELC_02,2023,2710.2186
R1,S3D1,TRANSMISSION,ELC_02,2024,2763.9686
R1,S3D1,TRANSMISSION,ELC_02,2025,2817.7326
R1,S3D1,TRANSMISSION,ELC_02,2026,2871.4967
R1,S3D1,TRANSMISSION,ELC_02,2027,2925.2467
R1,S3D1,TRANSMISSION,ELC_02,2028,2979.0108
R1,S3D1,TRANSMISSION,ELC_02,2029,3032.7608
R1,S3D1,TRANSMISSION,ELC_02,2030,3086.5249
R1,S3D1,TRANSMISSION,ELC_02,2031,3140.2889
R1,S3D1,TRANSMISSION,ELC_02,2032,3194.039
R1,S3D1,TRANSMISSION,ELC_02,2033,3247.803
R1,S3D1,TRANSMISSION,ELC_02,2034,3301.553
R1,S3D1,TRANSMISSION,ELC_02,2035,3355.3171
R1,S3D1,TRANSMISSION,ELC_02,2036,3409.0812
R1,S3D1,TRANSMISSION,ELC_02,2037,3462.8312
R1,S3D1,TRANSMISSION,ELC_02,2038,3516.5953
R1,S3D1,TRANSMISSION,ELC_02,2039,3570.3453
R1,S3D1,TRANSMISSION,ELC_02,2040,3624.1093
R1,S3D1,TRANSMISSION,ELC_02,2041,3677.8734
R1,S3D1,TRANSMISSION,ELC_02,2042,3731.6234
R1,S3D1,TRANSMISSION,ELC_02,2043,3785.3875
R1,S3D1,TRANSMISSION,ELC_02,2044,3839.1375
R1,S3D1,TRANSMISSION,ELC_02,2045,3892.9016
R1,S3D1,TRANSMISSION,ELC_02,2046,3946.6657
R1,S3D1,TRANSMISSION,ELC_02,2047,4000.4157
R1,S3D1,TRANSMISSION,ELC_02,2048,4054.1797
R1,S3D1,TRANSMISSION,ELC_02,2049,4107.9297
R1,S3D1,TRANSMISSION,ELC_02,2050,4161.6938
R1,S3D1,TRANSMISSION,ELC_02,2051,4215.4579
R1,S3D1,TRANSMISSION,ELC_02,2052,4269.2079
R1,S3D1,TRANSMISSION,ELC_02,2053,4322.972
R1,S3D1,TRANSMISSION,ELC_02,2054,4376.722
R1,S3D1,TRANSMISSION,ELC_02,2055,4430.4861
R1,S3D1,TRANSMISSION,ELC_02,2056,4484.2501
R1,S3D1,TRANSMISSION,ELC_02,2057,4538.0001
R1,S3D1,TRANSMISSION,ELC_02,2058,4591.7642
R1,S3D1,TRANSMISSION,ELC_02,2059,4645.5142
R1,S3D1,TRANSMISSION,ELC_02,2060,4699.2783
R1,S3D1,TRANSMISSION,ELC_02,2061,4753.0424
R1,S3D1,TRANSMISSION,ELC_02,2062,4806.7924
R1,S3D1,TRANSMISSION,ELC_02,2063,4860.5564
R1,S3D1,TRANSMISSION,ELC_02,2064,4914.3065
R1,S3D1,TRANSMISSION,ELC_02,2065,4968.0705
R1,S3D1,TRANSMISSION,ELC_02,2066,5021.8346
R1,S3D1,TRANSMISSION,ELC_02,2067,5075.5846
R1,S3D1,TRANSMISSION,ELC_02,2068,5129.3487
R1,S3D1,TRANSMISSION,ELC_02,2069,5183.0987
R1,S3D1,TRANSMISSION,ELC_02,2070,5236.8628
R1,S3D1,MINE_WATER,WATER,2020,5097.8808
R1,S3D1,MINE_WATER,WATER,2021,5205.4089
R1,S3D1,MINE_WATER,WATER,2022,5312.909
R1,S3D1,MINE_WATER,WATER,2023,5420.4371
R1,S3D1,MINE_WATER,WATER,2024,5527.9371
R1,S3D1,MINE_WATER,WATER,2025,5635.4653
R1,S3D1,MINE_WATER,WATER,2026,5742.9934
R1,S3D1,MINE_WATER,WATER,2027,5850.4934
R1,S3D1,MINE_WATER,WATER,2028,5958.0216
R1,S3D1,MINE_WATER,WATER,2029,6065.5216
R1,S3D1,MINE_WATER,WATER,2030,6173.0497
R1,S3D1,MINE_WATER,WATER,2031,6280.5779
R1,S3D1,MINE_WATER,WATER,2032,6388.0779
R1,S3D1,MINE_WATER,WATER,2033,6495.6061
R1,S3D1,MINE_WATER,WATER,2034,6603.1061
R1,S3D1,MINE_WATER,WATER,2035,6710.6342
R1,S3D1,MINE_WATER,WATER,2036,6818.1624
R1,S3D1,MINE_WATER,WATER,2037,6925.6624
R1,S3D1,MINE_WATER,WATER,2038,7033.1905
R1,S3D1,MINE_WATER,WATER,2039,7140.6905
R1,S3D1,MINE_WATER,WATER,2040,7248.2187
R1,S3D1,MINE_WATER,WATER,2041,7355.7468
R1,S3D1,MINE_WATER,WATER,2042,7463.2469
R1,S3D1,MINE_WATER,WATER,2043,7570.775
R1,S3D1,MINE_WATER,WATER,2044,7678.275
R1,S3D1,MINE_WATER,WATER,2045,7785.8032
R1,S3D1,MINE_WATER,WATER,2046,7893.3313
R1,S3D1,MINE_WATER,WATER,2047,8000.8313
R1,S3D1,MINE_WATER,WATER,2048,8108.3595
R1,S3D1,MINE_WATER,WATER,2049,8215.8595
R1,S3D1,MINE_WATER,WATER,2050,8323.3876
R1,S3D1,MINE_WATER,WATER,2051,8430.9158
R1,S3D1,MINE_WATER,WATER,2052,8538.4158
R1,S3D1,MINE_WATER,WATER,2053,8645.9439
R1,S3D1,MINE_WATER,WATER,2054,8753.444
R1,S3D1,MINE_WATER,WATER,2055,8860.9721
R1,S3D1,MINE_WATER,WATER,2056,8968.5003
R1,S3D1,MINE_WATER,WATER,2057,9076.0003
R1,S3D1,MINE_WATER,WATER,2058,9183.5284
R1,S3D1,MINE_WATER,WATER,2059,9291.0284
R1,S3D1,MINE_WATER,WATER,2060,9398.5566
R1,S3D1,MINE_WATER,WATER,2061,9506.0847
R1,S3D1,MINE_WATER,WATER,2062,9613.5847
R1,S3D1,MINE_WATER,WATER,2063,9721.1129
R1,S3D1,MINE_WATER,WATER,2064,9828.6129
R1,S3D1,MINE_WATER,WATER,2065,9936.141
R1,S3D1,MINE_WATER,WATER,2066,10043.669
R1,S3D1,MINE_WATER,WATER,2067,10151.169
R1,S3D1,MINE_WATER,WATER,2068,10258.697
R1,S3D1,MINE_WATER,WATER,2069,10366.197
R1,S3D1,MINE_WATER,WATER,2070,10473.726
R1,S3D1,HYDRO,ELC_01,2020,2548.9404
R1,S3D1,HYDRO,ELC_01,2021,2602.7045
R1,S3D1,HYDRO,ELC_01,2022,2656.4545
R1,S3D1,HYDRO,ELC_01,2023,2710.2186
R1,S3D1,HYDRO,ELC_01,2024,2763.9686
R1,S3D1,HYDRO,ELC_01,2025,2817.7326
R1,S3D1,HYDRO,ELC_01,2026,2871.4967
R1,S3D1,HYDRO,ELC_01,2027,2925.2467
R1,S3D1,HYDRO,ELC_01,2028,2979.0108
R1,S3D1,HYDRO,ELC_01,2029,3032.7608
R1,S3D1,HYDRO,ELC_01,2030,3086.5249
R1,S3D1,HYDRO,ELC_01,2031,3140.2889
R1,S3D1,HYDRO,ELC_01,2032,3194.039
R1,S3D1,HYDRO,ELC_01,2033,3247.803
R1,S3D1,HYDRO,ELC_01,2034,3301.553
R1,S3D1,HYDRO,ELC_01,2035,3355.3171
R1,S3D1,HYDRO,ELC_01,2036,3409.0812
R1,S3D1,HYDRO,ELC_01,2037,3462.8312
R1,S3D1,HYDRO,ELC_01,2038,3516.5953
R1,S3D1,HYDRO,ELC_01,2039,3570.3453
R1,S3D1,HYDRO,ELC_01,2040,3624.1093
R1,S3D1,HYDRO,ELC_01,2041,3677.8734
R1,S3D1,HYDRO,ELC_01,2042,3731.6234
R1,S3D1,HYDRO,ELC_01,2043,3785.3875
R1,S3D1,HYDRO,ELC_01,2044,3839.1375
R1,S3D1,HYDRO,ELC_01,2045,3892.9016
R1,S3D1,HYDRO,ELC_01,2046,3946.6657
R1,S3D1,HYDRO,ELC_01,2047,4000.4157
R1,S3D1,HYDRO,ELC_01,2048,4054.1797
R1,S3D1,HYDRO,ELC_01,2049,4107.9297
R1,S3D1,HYDRO,ELC_01,2050,4161.6938
R1,S3D1,HYDRO,ELC_01,2051,4215.4579
R1,S3D1,HYDRO,ELC_01,2052,4269.2079
R1,S3D1,HYDRO,ELC_01,2053,4322.972
R1,S3D1,HYDRO,ELC_01,2054,4376.722
R1,S3D1,HYDRO,ELC_01,2055,4430.4861
R1,S3D1,HYDRO,ELC_01,2056,4484.2501
R1,S3D1,HYDRO,ELC_01,2057,4538.0001
R1,S3D1,HYDRO,ELC_01,2058,4591.7642
R1,S3D1,HYDRO,ELC_01,2059,4645.5142
R1,S3D1,HYDRO,ELC_01,2060,4699.2783
R1,S3D1,HYDRO,ELC_01,2061,4753.0424
R1,S3D1,HYDRO,ELC_01,2062,4806.7924
R1,S3D1,HYDRO,ELC_01,2063,4860.5564
R1,S3D1,HYDRO,ELC_01,2064,4914.3065
R1,S3D1,HYDRO,ELC_01,2065,4968.0705
R1,S3D1,HYDRO,ELC_01,2066,5021.8346
R1,S3D1,HYDRO,ELC_01,2067,5075.5846
R1,S3D1,HYDRO,ELC_01,2068,5129.3487
R1,S3D1,HYDRO,ELC_01,2069,5183.0987
R1,S3D1,HYDRO,ELC_01,2070,5236.8628
R1,S3D2,TRANSMISSION,ELC_02,2020,2437.8648
R1,S3D2,TRANSMISSION,ELC_02,2021,2489.286
R1,S3D2,TRANSMISSION,ELC_02,2022,2540.6937
R1,S3D2,TRANSMISSION,ELC_02,2023,2592.1149
R1,S3D2,TRANSMISSION,ELC_02,2024,2643.5226
R1,S3D2,TRANSMISSION,ELC_02,2025,2694.9438
R1,S3D2,TRANSMISSION,ELC_02,2026,2746.365
R1,S3D2,TRANSMISSION,ELC_02,2027,2797.7728
R1,S3D2,TRANSMISSION,ELC_02,2028,2849.1939
R1,S3D2,TRANSMISSION,ELC_02,2029,2900.6017
R1,S3D2,TRANSMISSION,ELC_02,2030,2952.0229
R1,S3D2,TRANSMISSION,ELC_02,2031,3003.4441
R1,S3D2,TRANSMISSION,ELC_02,2032,3054.8518
R1,S3D2,TRANSMISSION,ELC_02,2033,3106.273
R1,S3D2,TRANSMISSION,ELC_02,2034,3157.6807
R1,S3D2,TRANSMISSION,ELC_02,2035,3209.1019
R1,S3D2,TRANSMISSION,ELC_02,2036,3260.5231
R1,S3D2,TRANSMISSION,ELC_02,2037,3311.9308
R1,S3D2,TRANSMISSION,ELC_02,2038,3363.352
R1,S3D2,TRANSMISSION,ELC_02,2039,3414.7597
R1,S3D2,TRANSMISSION,ELC_02,2040,3466.1809
R1,S3D2,TRANSMISSION,ELC_02,2041,3517.6021
R1,S3D2,TRANSMISSION,ELC_02,2042,3569.0098
R1,S3D2,TRANSMISSION,ELC_02,2043,3620.431
R1,S3D2,TRANSMISSION,ELC_02,2044,3671.8388
R1,S3D2,TRANSMISSION,ELC_02,2045,3723.26
R1,S3D2,TRANSMISSION,ELC_02,2046,3774.6811
R1,S3D2,TRANSMISSION,ELC_02,2047,3826.0889
R1,S3D2,TRANSMISSION,ELC_02,2048,3877.5101
R1,S3D2,TRANSMISSION,ELC_02,2049,3928.9178
R1,S3D2,TRANSMISSION,ELC_02,2050,3980.339
R1,S3D2,TRANSMISSION,ELC_02,2051,4031.7602
R1,S3D2,TRANSMISSION,ELC_02,2052,4083.1679
R1,S3D2,TRANSMISSION,ELC_02,2053,4134.5891
R1,S3D2,TRANSMISSION,ELC_02,2054,4185.9968
R1,S3D2,TRANSMISSION,ELC_02,2055,4237.418
R1,S3D2,TRANSMISSION,ELC_02,2056,4288.8392
R1,S3D2,TRANSMISSION,ELC_02,2057,4340.2469
R1,S3D2,TRANSMISSION,ELC_02,2058,4391.6681
R1,S3D2,TRANSMISSION,ELC_02,2059,4443.0759
R1,S3D2,TRANSMISSION,ELC_02,2060,4494.4971
R1,S3D2,TRANSMISSION,ELC_02,2061,4545.9182
R1,S3D2,TRANSMISSION,ELC_02,2062,4597.326
R1,S3D2,TRANSMISSION,ELC_02,2063,4648.7472
R1,S3D2,TRANSMISSION,ELC_02,2064,4700.1549
R1,S3D2,TRANSMISSION,ELC_02,2065,4751.5761
R1,S3D2,TRANSMISSION,ELC_02,2066,4802.9973
R1,S3D2,TRANSMISSION,ELC_02,2067,4854.405
R1,S3D2,TRANSMISSION,ELC_02,2068,4905.8262
R1,S3D2,TRANSMISSION,ELC_02,2069,4957.2339
R1,S3D2,TRANSMISSION,ELC_02,2070,5008.6551
R1,S3D2,MINE_WATER,WATER,2020,4875.7296
R1,S3D2,MINE_WATER,WATER,2021,4978.572
R1,S3D2,MINE_WATER,WATER,2022,5081.3874
R1,S3D2,MINE_WATER,WATER,2023,5184.2298
R1,S3D2,MINE_WATER,WATER,2024,5287.0453
R1,S3D2,MINE_WATER,WATER,2025,5389.8877
R1,S3D2,MINE_WATER,WATER,2026,5492.73
R1,S3D2,MINE_WATER,WATER,2027,5595.5455
R1,S3D2,MINE_WATER,WATER,2028,5698.3879
R1,S3D2,MINE_WATER,WATER,2029,5801.2034
R1,S3D2,MINE_WATER,WATER,2030,5904.0457
R1,S3D2,MINE_WATER,WATER,2031,6006.8881
R1,S3D2,MINE_WATER,WATER,2032,6109.7036
R1,S3D2,MINE_WATER,WATER,2033,6212.5459
R1,S3D2,MINE_WATER,WATER,2034,6315.3614
R1,S3D2,MINE_WATER,WATER,2035,6418.2038
R1,S3D2,MINE_WATER,WATER,2036,6521.0462
R1,S3D2,MINE_WATER,WATER,2037,6623.8616
R1,S3D2,MINE_WATER,WATER,2038,6726.704
R1,S3D2,MINE_WATER,WATER,2039,6829.5195
R1,S3D2,MINE_WATER,WATER,2040,6932.3619
R1,S3D2,MINE_WATER,WATER,2041,7035.2042
R1,S3D2,MINE_WATER,WATER,2042,7138.0197
R1,S3D2,MINE_WATER,WATER,2043,7240.8621
R1,S3D2,MINE_WATER,WATER,2044,7343.6775
R1,S3D2,MINE_WATER,WATER,2045,7446.5199
R1,S3D2,MINE_WATER,WATER,2046,7549.3623
R1,S3D2,MINE_WATER,WATER,2047,7652.1778
R1,S3D2,MINE_WATER,WATER,2048,7755.0201
R1,S3D2,MINE_WATER,WATER,2049,7857.8356
R1,S3D2,MINE_WATER,WATER,2050,7960.678
R1,S3D2,MINE_WATER,WATER,2051,8063.5204
R1,S3D2,MINE_WATER,WATER,2052,8166.3358
R1,S3D2,MINE_WATER,WATER,2053,8269.1782
R1,S3D2,MINE_WATER,WATER,2054,8371.9937
R1,S3D2,MINE_WATER,WATER,2055,8474.836
R1,S3D2,MINE_WATER,WATER,2056,8577.6784
R1,S3D2,MINE_WATER,WATER,2057,8680.4939
R1,S3D2,MINE_WATER,WATER,2058,8783.3363
R1,S3D2,MINE_WATER,WATER,2059,8886.1517
R1,S3D2,MINE_WATER,WATER,2060,8988.9941
R1,S3D2,MINE_WATER,WATER,2061,9091.8365
R1,S3D2,MINE_WATER,WATER,2062,9194.652
R1,S3D2,MINE_WATER,WATER,2063,9297.4943
R1,S3D2,MINE_WATER,WATER,2064,9400.3098
R1,S3D2,MINE_WATER,WATER,2065,9503.1522
R1,S3D2,MINE_WATER,WATER,2066,9605.9946
R1,S3D2,MINE_WATER,WATER,2067,9708.81
R1,S3D2,MINE_WATER,WATER,2068,9811.6524
R1,S3D2,MINE_WATER,WATER,2069,9914.4679
R1,S3D2,MINE_WATER,WATER,2070,10017.31
R1,S3D2,HYDRO,ELC_01,2020,2437.8648
R1,S3D2,HYDRO,ELC_01,2021,2489.286
R1,S3D2,HYDRO,ELC_01,2022,2540.6937
R1,S3D2,HYDRO,ELC_01,2023,2592.1149
R1,S3D2,HYDRO,ELC_01,2024,2643.5226
R1,S3D2,HYDRO,ELC_01,2025,2694.9438
R1,S3D2,HYDRO,ELC_01,2026,2746.365
R1,S3D2,HYDRO,ELC_01,2027,2797.7728
R1,S3D2,HYDRO,ELC_01,2028,2849.1939
R1,S3D2,HYDRO,ELC_01,2029,2900.6017
R1,S3D2,HYDRO,ELC_01,2030,2952.0229
R1,S3D2,HYDRO,ELC_01,2031,3003.4441
R1,S3D2,HYDRO,ELC_01,2032,3054.8518
R1,S3D2,HYDRO,ELC_01,2033,3106.273
R1,S3D2,HYDRO,ELC_01,2034,3157.6807
R1,S3D2,HYDRO,ELC_01,2035,3209.1019
R1,S3D2,HYDRO,ELC_01,2036,3260.5231
R1,S3D2,HYDRO,ELC_01,2037,3311.9308
R1,S3D2,HYDRO,ELC_01,2038,3363.352
R1,S3D2,HYDRO,ELC_01,2039,3414.7597
R1,S3D2,HYDRO,ELC_01,2040,3466.1809
R1,S3D2,HYDRO,ELC_01,2041,3517.6021
R1,S3D2,HYDRO,ELC_01,2042,3569.0098
R1,S3D2,HYDRO,ELC_01,2043,3620.431
R1,S3D2,HYDRO,ELC_01,2044,3671.8388
R1,S3D2,HYDRO,ELC_01,2045,3723.26
R1,S3D2,HYDRO,ELC_01,2046,3774.6811
R1,S3D2,HYDRO,ELC_01,2047,3826.0889
R1,S3D2,HYDRO,ELC_01,2048,3877.5101
R1,S3D2,HYDRO,ELC_01,2049,3928.9178
R1,S3D2,HYDRO,ELC_01,2050,3980.339
R1,S3D2,HYDRO,ELC_01,2051,4031.7602
R1,S3D2,HYDRO,ELC_01,2052,4083.1679
R1,S3D2,HYDRO,ELC_01,2053,4134.5891
R1,S3D2,HYDRO,ELC_01,2054,4185.9968
R1,S3D2,HYDRO,ELC_01,2055,4237.418
R1,S3D2,HYDRO,ELC_01,2056,4288.8392
R1,S3D2,HYDRO,ELC_01,2057,4340.2469
R1,S3D2,HYDRO,ELC_01,2058,4391.6681
R1,S3D2,HYDRO,ELC_01,2059,4443.0759
R1,S3D2,HYDRO,ELC_01,2060,4494.4971
R1,S3D2,HYDRO,ELC_01,2061,4545.9182
R1,S3D2,HYDRO,ELC_01,2062,4597.326
R1,S3D2,HYDRO,ELC_01,2063,4648.7472
R1,S3D2,HYDRO,ELC_01,2064,4700.1549
R1,S3D2,HYDRO,ELC_01,2065,4751.5761
R1,S3D2,HYDRO,ELC_01,2066,4802.9973
R1,S3D2,HYDRO,ELC_01,2067,4854.405
R1,S3D2,HYDRO,ELC_01,2068,4905.8262
R1,S3D2,HYDRO,ELC_01,2069,4957.2339
R1,S3D2,HYDRO,ELC_01,2070,5008.6551
R1,S4D1,TRANSMISSION,ELC_02,2020,2313.924
R1,S4D1,TRANSMISSION,ELC_02,2021,2362.7309
R1,S4D1,TRANSMISSION,ELC_02,2022,2411.5251
R1,S4D1,TRANSMISSION,ELC_02,2023,2460.332
R1,S4D1,TRANSMISSION,ELC_02,2024,2509.1262
R1,S4D1,TRANSMISSION,ELC_02,2025,2557.9332
R1,S4D1,TRANSMISSION,ELC_02,2026,2606.7401
R1,S4D1,TRANSMISSION,ELC_02,2027,2655.5343
R1,S4D1,TRANSMISSION,ELC_02,2028,2704.3412
R1,S4D1,TRANSMISSION,ELC_02,2029,2753.1354
R1,S4D1,TRANSMISSION,ELC_02,2030,2801.9423
R1,S4D1,TRANSMISSION,ELC_02,2031,2850.7493
R1,S4D1,TRANSMISSION,ELC_02,2032,2899.5434
R1,S4D1,TRANSMISSION,ELC_02,2033,2948.3504
R1,S4D1,TRANSMISSION,ELC_02,2034,2997.1445
R1,S4D1,TRANSMISSION,ELC_02,2035,3045.9515
R1,S4D1,TRANSMISSION,ELC_02,2036,3094.7584
R1,S4D1,TRANSMISSION,ELC_02,2037,3143.5526
R1,S4D1,TRANSMISSION,ELC_02,2038,3192.3595
R1,S4D1,TRANSMISSION,ELC_02,2039,3241.1537
R1,S4D1,TRANSMISSION,ELC_02,2040,3289.9606
R1,S4D1,TRANSMISSION,ELC_02,2041,3338.7676
R1,S4D1,TRANSMISSION,ELC_02,2042,3387.5617
R1,S4D1,TRANSMISSION,ELC_02,2043,3436.3687
R1,S4D1,TRANSMISSION,ELC_02,2044,3485.1629
R1,S4D1,TRANSMISSION,ELC_02,2045,3533.9698
R1,S4D1,TRANSMISSION,ELC_02,2046,3582.7767
R1,S4D1,TRANSMISSION,ELC_02,2047,3631.5709
R1,S4D1,TRANSMISSION,ELC_02,2048,3680.3778
R1,S4D1,TRANSMISSION,ELC_02,2049,3729.172
R1,S4D1,TRANSMISSION,ELC_02,2050,3777.979
R1,S4D1,TRANSMISSION,ELC_02,2051,3826.7859
R1,S4D1,TRANSMISSION,ELC_02,2052,3875.5801
R1,S4D1,TRANSMISSION,ELC_02,2053,3924.387
R1,S4D1,TRANSMISSION,ELC_02,2054,3973.1812
R1,S4D1,TRANSMISSION,ELC_02,2055,4021.9881
R1,S4D1,TRANSMISSION,ELC_02,2056,4070.7951
R1,S4D1,TRANSMISSION,ELC_02,2057,4119.5892
R1,S4D1,TRANSMISSION,ELC_02,2058,4168.3962
R1,S4D1,TRANSMISSION,ELC_02,2059,4217.1903
R1,S4D1,TRANSMISSION,ELC_02,2060,4265.9973
R1,S4D1,TRANSMISSION,ELC_02,2061,4314.8042
R1,S4D1,TRANSMISSION,ELC_02,2062,4363.5984
R1,S4D1,TRANSMISSION,ELC_02,2063,4412.4053
R1,S4D1,TRANSMISSION,ELC_02,2064,4461.1995
R1,S4D1,TRANSMISSION,ELC_02,2065,4510.0064
R1,S4D1,TRANSMISSION,ELC_02,2066,4558.8134
R1,S4D1,TRANSMISSION,ELC_02,2067,4607.6075
R1,S4D1,TRANSMISSION,ELC_02,2068,4656.4145
R1,S4D1,TRANSMISSION,ELC_02,2069,4705.2087
R1,S4D1,TRANSMISSION,ELC_02,2070,4754.0156
R1,S4D1,MINE_WATER,WATER,2020,4627.848
R1,S4D1,MINE_WATER,WATER,2021,4725.4619
R1,S4D1,MINE_WATER,WATER,2022,4823.0502
R1,S4D1,MINE_WATER,WATER,2023,4920.6641
R1,S4D1,MINE_WATER,WATER,2024,5018.2524
R1,S4D1,MINE_WATER,WATER,2025,5115.8663
R1,S4D1,MINE_WATER,WATER,2026,5213.4802
R1,S4D1,MINE_WATER,WATER,2027,5311.0685
R1,S4D1,MINE_WATER,WATER,2028,5408.6824
R1,S4D1,MINE_WATER,WATER,2029,5506.2708
R1,S4D1,MINE_WATER,WATER,2030,5603.8846
R1,S4D1,MINE_WATER,WATER,2031,5701.4985
R1,S4D1,MINE_WATER,WATER,2032,5799.0869
R1,S4D1,MINE_WATER,WATER,2033,5896.7007
R1,S4D1,MINE_WATER,WATER,2034,5994.2891
R1,S4D1,MINE_WATER,WATER,2035,6091.903
R1,S4D1,MINE_WATER,WATER,2036,6189.5168
R1,S4D1,MINE_WATER,WATER,2037,6287.1052
R1,S4D1,MINE_WATER,WATER,2038,6384.7191
R1,S4D1,MINE_WATER,WATER,2039,6482.3074
R1,S4D1,MINE_WATER,WATER,2040,6579.9213
R1,S4D1,MINE_WATER,WATER,2041,6677.5352
R1,S4D1,MINE_WATER,WATER,2042,6775.1235
R1,S4D1,MINE_WATER,WATER,2043,6872.7374
R1,S4D1,MINE_WATER,WATER,2044,6970.3257
R1,S4D1,MINE_WATER,WATER,2045,7067.9396
R1,S4D1,MINE_WATER,WATER,2046,7165.5535
R1,S4D1,MINE_WATER,WATER,2047,7263.1418
R1,S4D1,MINE_WATER,WATER,2048,7360.7557
R1,S4D1,MINE_WATER,WATER,2049,7458.344
R1,S4D1,MINE_WATER,WATER,2050,7555.9579
R1,S4D1,MINE_WATER,WATER,2051,7653.5718
R1,S4D1,MINE_WATER,WATER,2052,7751.1601
R1,S4D1,MINE_WATER,WATER,2053,7848.774
R1,S4D1,MINE_WATER,WATER,2054,7946.3624
R1,S4D1,MINE_WATER,WATER,2055,8043.9762
R1,S4D1,MINE_WATER,WATER,2056,8141.5901
R1,S4D1,MINE_WATER,WATER,2057,8239.1785
R1,S4D1,MINE_WATER,WATER,2058,8336.7923
R1,S4D1,MINE_WATER,WATER,2059,8434.3807
R1,S4D1,MINE_WATER,WATER,2060,8531.9946
R1,S4D1,MINE_WATER,WATER,2061,8629.6084
R1,S4D1,MINE_WATER,WATER,2062,8727.1968
R1,S4D1,MINE_WATER,WATER,2063,8824.8107
R1,S4D1,MINE_WATER,WATER,2064,8922.399
R1,S4D1,MINE_WATER,WATER,2065,9020.0129
R1,S4D1,MINE_WATER,WATER,2066,9117.6268
R1,S4D1,MINE_WATER,WATER,2067,9215.2151
R1,S4D1,MINE_WATER,WATER,2068,9312.829
R1,S4D1,MINE_WATER,WATER,2069,9410.4173
R1,S4D1,MINE_WATER,WATER,2070,9508.0312
R1,S4D1,HYDRO,ELC_01,2020,2313.924
R1,S4D1,HYDRO,ELC_01,2021,2362.7309
R1,S4D1,HYDRO,ELC_01,2022,2411.5251
R1,S4D1,HYDRO,ELC_01,2023,2460.332
R1,S4D1,HYDRO,ELC_01,2024,2509.1262
R1,S4D1,HYDRO,ELC_01,2025,2557.9332
R1,S4D1,HYDRO,ELC_01,2026,2606.7401
R1,S4D1,HYDRO,ELC_01,2027,2655.5343
R1,S4D1,HYDRO,ELC_01,2028,2704.3412
R1,S4D1,HYDRO,ELC_01,2029,2753.1354
R1,S4D1,HYDRO,ELC_01,2030,2801.9423
R1,S4D1,HYDRO,ELC_01,2031,2850.7493
R1,S4D1,HYDRO,ELC_01,2032,2899.5434
R1,S4D1,HYDRO,ELC_01,2033,2948.3504
R1,S4D1,HYDRO,ELC_01,2034,2997.1445
R1,S4D1,HYDRO,ELC_01,2035,3045.9515
R1,S4D1,HYDRO,ELC_01,2036,3094.7584
R1,S4D1,HYDRO,ELC_01,2037,3143.5526
R1,S4D1,HYDRO,ELC_01,2038,3192.3595
R1,S4D1,HYDRO,ELC_01,2039,3241.1537
R1,S4D1,HYDRO,ELC_01,2040,3289.9606
R1,S4D1,HYDRO,ELC_01,2041,3338.7676
R1,S4D1,HYDRO,ELC_01,2042,3387.5617
R1,S4D1,HYDRO,ELC_01,2043,3436.3687
R1,S4D1,HYDRO,ELC_01,2044,3485.1629
R1,S4D1,HYDRO,ELC_01,2045,3533.9698
R1,S4D1,HYDRO,ELC_01,2046,3582.7767
R1,S4D1,HYDRO,ELC_01,2047,3631.5709
R1,S4D1,HYDRO,ELC_01,2048,3680.3778
R1,S4D1,HYDRO,ELC_01,2049,3729.172
R1,S4D1,HYDRO,ELC_01,2050,3777.979
R1,S4D1,HYDRO,ELC_01,2051,3826.7859
R1,S4D1,HYDRO,ELC_01,2052,3875.5801
R1,S4D1,HYDRO,ELC_01,2053,3924.387
R1,S4D1,HYDRO,ELC_01,2054,3973.1812
R1,S4D1,HYDRO,ELC_01,2055,4021.9881
R1,S4D1,HYDRO,ELC_01,2056,4070.7951
R1,S4D1,HYDRO,ELC_01,2057,4119.5892
R1,S4D1,HYDRO,ELC_01,2058,4168.3962
R1,S4D1,HYDRO,ELC_01,2059,4217.1903
R1,S4D1,HYDRO,ELC_01,2060,4265.9973
R1,S4D1,HYDRO,ELC_01,2061,4314.8042
R1,S4D1,HYDRO,ELC_01,2062,4363.5984
R1,S4D1,HYDRO,ELC_01,2063,4412.4053
R1,S4D1,HYDRO,ELC_01,2064,4461.1995
R1,S4D1,HYDRO,ELC_01,2065,4510.0064
R1,S4D1,HYDRO,ELC_01,2066,4558.8134
R1,S4D1,HYDRO,ELC_01,2067,4607.6075
R1,S4D1,HYDRO,ELC_01,2068,4656.4145
R1,S4D1,HYDRO,ELC_01,2069,4705.2087
R1,S4D1,HYDRO,ELC_01,2070,4754.0156
R1,S4D2,TRANSMISSION,ELC_02,2020,2241.9876
R1,S4D2,TRANSMISSION,ELC_02,2021,2289.2772
R1,S4D2,TRANSMISSION,ELC_02,2022,2336.5544
R1,S4D2,TRANSMISSION,ELC_02,2023,2383.844
R1,S4D2,TRANSMISSION,ELC_02,2024,2431.1213
R1,S4D2,TRANSMISSION,ELC_02,2025,2478.4109
R1,S4D2,TRANSMISSION,ELC_02,2026,2525.7005
R1,S4D2,TRANSMISSION,ELC_02,2027,2572.9777
R1,S4D2,TRANSMISSION,ELC_02,2028,2620.2673
R1,S4D2,TRANSMISSION,ELC_02,2029,2667.5446
R1,S4D2,TRANSMISSION,ELC_02,2030,2714.8342
R1,S4D2,TRANSMISSION,ELC_02,2031,2762.1238
R1,S4D2,TRANSMISSION,ELC_02,2032,2809.401
R1,S4D2,TRANSMISSION,ELC_02,2033,2856.6906
R1,S4D2,TRANSMISSION,ELC_02,2034,2903.9678
R1,S4D2,TRANSMISSION,ELC_02,2035,2951.2575
R1,S4D2,TRANSMISSION,ELC_02,2036,2998.5471
R1,S4D2,TRANSMISSION,ELC_02,2037,3045.8243
R1,S4D2,TRANSMISSION,ELC_02,2038,3093.1139
R1,S4D2,TRANSMISSION,ELC_02,2039,3140.3911
R1,S4D2,TRANSMISSION,ELC_02,2040,3187.6807
R1,S4D2,TRANSMISSION,ELC_02,2041,3234.9703
R1,S4D2,TRANSMISSION,ELC_02,2042,3282.2476
R1,S4D2,TRANSMISSION,ELC_02,2043,3329.5372
R1,S4D2,TRANSMISSION,ELC_02,2044,3376.8144
R1,S4D2,TRANSMISSION,ELC_02,2045,3424.104
R1,S4D2,TRANSMISSION,ELC_02,2046,3471.3936
R1,S4D2,TRANSMISSION,ELC_02,2047,3518.6709
R1,S4D2,TRANSMISSION,ELC_02,2048,3565.9605
R1,S4D2,TRANSMISSION,ELC_02,2049,3613.2377
R1,S4D2,TRANSMISSION,ELC_02,2050,3660.5273
R1,S4D2,TRANSMISSION,ELC_02,2051,3707.8169
R1,S4D2,TRANSMISSION,ELC_02,2052,3755.0941
R1,S4D2,TRANSMISSION,ELC_02,2053,3802.3837
R1,S4D2,TRANSMISSION,ELC_02,2054,3849.661
R1,S4D2,TRANSMISSION,ELC_02,2055,3896.9506
R1,S4D2,TRANSMISSION,ELC_02,2056,3944.2402
R1,S4D2,TRANSMISSION,ELC_02,2057,3991.5174
R1,S4D2,TRANSMISSION,ELC_02,2058,4038.807
R1,S4D2,TRANSMISSION,ELC_02,2059,4086.0843
R1,S4D2,TRANSMISSION,ELC_02,2060,4133.3739
R1,S4D2,TRANSMISSION,ELC_02,2061,4180.6635
R1,S4D2,TRANSMISSION,ELC_02,2062,4227.9407
R1,S4D2,TRANSMISSION,ELC_02,2063,4275.2303
R1,S4D2,TRANSMISSION,ELC_02,2064,4322.5076
R1,S4D2,TRANSMISSION,ELC_02,2065,4369.7972
R1,S4D2,TRANSMISSION,ELC_02,2066,4417.0868
R1,S4D2,TRANSMISSION,ELC_02,2067,4464.364
R1,S4D2,TRANSMISSION,ELC_02,2068,4511.6536
R1,S4D2,TRANSMISSION,ELC_02,2069,4558.9308
R1,S4D2,TRANSMISSION,ELC_02,2070,4606.2204
R1,S4D2,MINE_WATER,WATER,2020,4483.9752
R1,S4D2,MINE_WATER,WATER,2021,4578.5544
R1,S4D2,MINE_WATER,WATER,2022,4673.1089
R1,S4D2,MINE_WATER,WATER,2023,4767.6881
R1,S4D2,MINE_WATER,WATER,2024,4862.2426
R1,S4D2,MINE_WATER,WATER,2025,4956.8218
R1,S4D2,MINE_WATER,WATER,2026,5051.401
R1,S4D2,MINE_WATER,WATER,2027,5145.9554
R1,S4D2,MINE_WATER,WATER,2028,5240.5347
R1,S4D2,MINE_WATER,WATER,2029,5335.0891
R1,S4D2,MINE_WATER,WATER,2030,5429.6683
R1,S4D2,MINE_WATER,WATER,2031,5524.2475
R1,S4D2,MINE_WATER,WATER,2032,5618.802
R1,S4D2,MINE_WATER,WATER,2033,5713.3812
R1,S4D2,MINE_WATER,WATER,2034,5807.9357
R1,S4D2,MINE_WATER,WATER,2035,5902.5149
R1,S4D2,MINE_WATER,WATER,2036,5997.0941
R1,S4D2,MINE_WATER,WATER,2037,6091.6486
R1,S4D2,MINE_WATER,WATER,2038,6186.2278
R1,S4D2,MINE_WATER,WATER,2039,6280.7823
R1,S4D2,MINE_WATER,WATER,2040,6375.3615
R1,S4D2,MINE_WATER,WATER,2041,6469.9407
R1,S4D2,MINE_WATER,WATER,2042,6564.4951
R1,S4D2,MINE_WATER,WATER,2043,6659.0744
R1,S4D2,MINE_WATER,WATER,2044,6753.6288
R1,S4D2,MINE_WATER,WATER,2045,6848.208
R1,S4D2,MINE_WATER,WATER,2046,6942.7873
R1,S4D2,MINE_WATER,WATER,2047,7037.3417
R1,S4D2,MINE_WATER,WATER,2048,7131.9209
R1,S4D2,MINE_WATER,WATER,2049,7226.4754
R1,S4D2,MINE_WATER,WATER,2050,7321.0546
R1,S4D2,MINE_WATER,WATER,2051,7415.6338
R1,S4D2,MINE_WATER,WATER,2052,7510.1883
R1,S4D2,MINE_WATER,WATER,2053,7604.7675
R1,S4D2,MINE_WATER,WATER,2054,7699.322
R1,S4D2,MINE_WATER,WATER,2055,7793.9012
R1,S4D2,MINE_WATER,WATER,2056,7888.4804
R1,S4D2,MINE_WATER,WATER,2057,7983.0349
R1,S4D2,MINE_WATER,WATER,2058,8077.6141
R1,S4D2,MINE_WATER,WATER,2059,8172.1685
R1,S4D2,MINE_WATER,WATER,2060,8266.7477
R1,S4D2,MINE_WATER,WATER,2061,8361.327
R1,S4D2,MINE_WATER,WATER,2062,8455.8814
R1,S4D2,MINE_WATER,WATER,2063,8550.4606
R1,S4D2,MINE_WATER,WATER,2064,8645.0151
R1,S4D2,MINE_WATER,WATER,2065,8739.5943
R1,S4D2,MINE_WATER,WATER,2066,8834.1735
R1,S4D2,MINE_WATER,WATER,2067,8928.728
R1,S4D2,MINE_WATER,WATER,2068,9023.3072
R1,S4D2,MINE_WATER,WATER,2069,9117.8617
R1,S4D2,MINE_WATER,WATER,2070,9212.4409
R1,S4D2,HYDRO,ELC_01,2020,2241.9876
R1,S4D2,HYDRO,ELC_01,2021,2289.2772
R1,S4D2,HYDRO,ELC_01,2022,2336.5544
R1,S4D2,HYDRO,ELC_01,2023,2383.844
R1,S4D2,HYDRO,ELC_01,2024,2431.1213
R1,S4D2,HYDRO,ELC_01,2025,2478.4109
R1,S4D2,HYDRO,ELC_01,2026,2525.7005
R1,S4D2,HYDRO,ELC_01,2027,2572.9777
R1,S4D2,HYDRO,ELC_01,2028,2620.2673
R1,S4D2,HYDRO,ELC_01,2029,2667.5446
R1,S4D2,HYDRO,ELC_01,2030,2714.8342
R1,S4D2,HYDRO,ELC_01,2031,2762.1238
R1,S4D2,HYDRO,ELC_01,2032,2809.401
R1,S4D2,HYDRO,ELC_01,2033,2856.6906
R1,S4D2,HYDRO,ELC_01,2034,2903.9678
R1,S4D2,HYDRO,ELC_01,2035,2951.2575
R1,S4D2,HYDRO,ELC_01,2036,2998.5471
R1,S4D2,HYDRO,ELC_01,2037,3045.8243
R1,S4D2,HYDRO,ELC_01,2038,3093.1139
R1,S4D2,HYDRO,ELC_01,2039,3140.3911
R1,S4D2,HYDRO,ELC_01,2040,3187.6807
R1,S4D2,HYDRO,ELC_01,2041,3234.9703
R1,S4D2,HYDRO,ELC_01,2042,3282.2476
R1,S4D2,HYDRO,ELC_01,2043,3329.5372
R1,S4D2,HYDRO,ELC_01,2044,3376.8144
R1,S4D2,HYDRO,ELC_01,2045,3424.104
R1,S4D2,HYDRO,ELC_01,2046,3471.3936
R1,S4D2,HYDRO,ELC_01,2047,3518.6709
R1,S4D2,HYDRO,ELC_01,2048,3565.9605
R1,S4D2,HYDRO,ELC_01,2049,3613.2377
R1,S4D2,HYDRO,ELC_01,2050,3660.5273
R1,S4D2,HYDRO,ELC_01,2051,3707.8169
R1,S4D2,HYDRO,ELC_01,2052,3755.0941
R1,S4D2,HYDRO,ELC_01,2053,3802.3837
R1,S4D2,HYDRO,ELC_01,2054,3849.661
R1,S4D2,HYDRO,ELC_01,2055,3896.9506
R1,S4D2,HYDRO,ELC_01,2056,3944.2402
R1,S4D2,HYDRO,ELC_01,2057,3991.5174
R1,S4D2,HYDRO,ELC_01,2058,4038.807
R1,S4D2,HYDRO,ELC_01,2059,4086.0843
R1,S4D2,HYDRO,ELC_01,2060,4133.3739
R1,S4D2,HYDRO,ELC_01,2061,4180.6635
R1,S4D2,HYDRO,ELC_01,2062,4227.9407
R1,S4D2,HYDRO,ELC_01,2063,4275.2303
R1,S4D2,HYDRO,ELC_01,2064,4322.5076
R1,S4D2,HYDRO,ELC_01,2065,4369.7972
R1,S4D2,HYDRO,ELC_01,2066,4417.0868
R1,S4D2,HYDRO,ELC_01,2067,4464.364
R1,S4D2,HYDRO,ELC_01,2068,4511.6536
R1,S4D2,HYDRO,ELC_01,2069,4558.9308
R1,S4D2,HYDRO,ELC_01,2070,4606.2204
